Receipt #,Physical Business Location,Account #,Owner Address Name,Business Name,Business Address,Category Code,Category Name,Mailing Address Name,Mailing Address Line 1,Mailing Address Line 2,Mailing Address City,Mailing Address State,Mailing Address ZIP,Number of Units,Account Status,Balance Status,Date Paid In Full,Exemption Code,Exemption Description,Business Phone,RE Account Number,Tangible Account Number,Custom Flags,Receipt Application Date,Year,Class Code,Class Name
6666052,04 - HIALEAH,6398077,#1 RX LIBERTY PHARMACY DISC CORP,# 1 RX LIBERTY PHARMACY DISCOUNT CORP,"972 E 25 ST HIALEAH, FL 33013 ",PHA-RPH,PHARMACY,#1 RX LIBERTY PHARMACY DISC CORP PEDRO PABLO ROSADO  PRES,972 E 25 ST,,HIALEAH,FL,33013,3,Active,Unpaid,,-- None --,-- None --,305-691-6686,04-3108-002-2300,,-- None --,3/12/2009,2014,214,Retail sales
6813605,30 - UNIN DADE COUNTY,6542998,SHAY BALAS,# A LOCKSMITH,"DOING BUS IN DADE CO MIAMI, FL 33000 ",LOC,LOCKSMITH SERVICE,SHAY BALAS,1835 E HALLANDALE BEACH BLVD  402,,HALLANDALE BEACH,FL,33009,1,Active,Unpaid,,-- None --,-- None --,954-245-8283,,,"Enforcement, Mobile Business",12/10/2009,2014,213,Service business/multiple service business or Passenger transportation services
4732229,01 - MIAMI,4532983,#1 DOLLAR STORE INC,#1 DOLLAR STORE INC,"5755 W FLAGLER ST 106 MIAMI, FL 33144 ",RET-STR,RETAIL SALES,#1 DOLLAR STORE INC LUIS PEREZ PRES,5755 W FLAGLER ST #106,,MIAMI,FL,33144,2,Active,Paid In Full,10/2/2013,-- None --,-- None --,305-267-0919,,,-- None --,6/19/2001,2014,214,Retail sales
7062714,30 - UNIN DADE COUNTY,6789128,#1 FURNITURE OUTLET LLC,#1 FURNITURE OUTLET LLC,"19932 NW 79 ST MIAMI, FL 33015 ",DLR-SAL,TANGIBLE PERSONAL PROP DLR,#1 FURNITURE OUTLET LLC MARILYN HERNANDEZ MGR,19932 NW 79 ST,,MIAMI,FL,33015,1,Active,Unpaid,,-- None --,-- None --,305-741-8233,30-2003-045-1540,,-- None --,3/31/2011,2014,220,Dealer in tangible personal property
6294375,01 - MIAMI,6033633,#1 MEDICAL SUPPLIES INC,#1 MEDICAL SUPPLIES INC,"1090 SW 27 AVE MIAMI, FL 33135 ",SER-REN,SERVICE BUSINESS,#1 MEDICAL SUPPLIES INC GILBERTO IVIRICO PRES,1090 SW 27 AVE,,MIAMI,FL,33135,5,Active,Paid In Full,7/18/2013,-- None --,-- None --,305-643-5253,01-4109-002-0380,,-- None --,5/10/2007,2014,213,Service business/multiple service business or Passenger transportation services
5627014,01 - MIAMI,5388582,#1 MEDICAL SUPPLIES INC,#1 MEDICAL SUPPLIES INC,"1090 SW 27 AVE MIAMI, FL 33135 ",DLR-SHO,TANGIBLE PERSONAL PROP DLR,#1 MEDICAL SUPPLIES INC GILBERTO IVIRICO  PRES,1090 SW 27 AVE,,MIAMI,FL,33135,5,Active,Paid In Full,7/18/2013,-- None --,-- None --,305-643-5253,01-4109-002-0380,40-195004,-- None --,8/12/2004,2014,220,Dealer in tangible personal property
6925334,30 - UNIN DADE COUNTY,6654264,DOLLAR TREE STORES INC,$ 1 STOP 4442,"12000 SW 127 AVE MIAMI, FL 33186 ",RET-STR,RETAIL SALES,DOLLAR TREE STORES INC AMY SMALLS,500 VOLVO PARKWAY,,CHESAPEAKE,VA,23320,1,Active,Paid In Full,8/2/2013,-- None --,-- None --,757-321-5000,,,-- None --,7/2/2010,2014,214,Retail sales
6585450,01 - MIAMI,6319016,HERMAN L DE ANNA OD PA,#NAME?,"8000 BISCAYNE BLVD MIAMI, FL 33128 ",ASS,P.A./CORP/PARTNERSHIP/FIRM,HERMAN L DE ANNA OD PA HERMAN DE ANNA,8000 BISCAYNE BLVD,,MIAMI,FL,33128,2,Active,Paid In Full,8/27/2013,-- None --,-- None --,786-517-6127,01-3207-019-0010,,-- None --,10/21/2008,2014,212,"Professions, professional associations"
785585,01 - MIAMI,6364947,0 18 LLC,0 18 LLC,"201 NW 47 AVE MIAMI, FL 33126 ",APT,APARTMENTS,0 18 LLC,8798 SW 8 ST,,MIAMI,FL,33174,12,Active,Paid In Full,9/5/2013,-- None --,-- None --,305-000-0000,01-4105-064-0010,,-- None --,8/24/1988,2014,192,"Hotels, apartments, motels, etc. or Commercial, industrial or office space"
6496020,30 - UNIN DADE COUNTY,6231450,0001 ALICEA BAIL BONDS INC,001 ALICEA BAIL BONDS INC,"20936 S DIXIE HWY MIAMI, FL 33189 ",BBB,BAIL BOND BUSINESS,0001 ALICEA BAIL BONDS INC LUIS ALICEA PRES,20936 S DIXIE HWY,,MIAMI,FL,33189,,Active,Unpaid,,-- None --,-- None --,786-251-4303,30-6007-005-0540,,Enforcement,4/29/2008,2014,207,"Administrative office, operation center or Other unclassified businesses"
6323984,27 - HIALEAH GARDENS,6062186,004 INC,004 INC,"8726 NW 119 ST BAY8 HIALEAH GARDENS, FL 33016 ",RET-STR,RETAIL SALES,004 INC ERIC DENIS PRES,8726 NW 119 ST BAY8,,HIALEAH GARDENS,FL,33016,1,Active,Paid In Full,9/12/2013,-- None --,-- None --,305-821-9484,27-2033-002-0220,,-- None --,7/5/2007,2014,214,Retail sales
6326367,27 - HIALEAH GARDENS,6062186,004 INC,004 INC,"8726 NW 119 ST BAY8 HIALEAH GARDENS, FL 33016 ",DLR-WHO,TANGIBLE PERSONAL PROP DLR,004 INC ERIC DENIS PRES,8726 NW 119 ST BAY8,,HIALEAH GARDENS,FL,33016,1,Active,Paid In Full,9/12/2013,-- None --,-- None --,305-821-9484,27-2033-002-0220,,-- None --,7/11/2007,2014,220,Dealer in tangible personal property
7176977,01 - MIAMI,6901293,004 INC,004 INC,"2412 N MIAMI AVE MIAMI, FL 33137 ",DLR-ANT,TANGIBLE PERSONAL PROP DLR,004 INC ERIC DENIS PRES,2412 N MIAMI AVE,,MIAMI,FL,33137,1,Active,Paid In Full,7/24/2013,-- None --,-- None --,305-849-8585,01-3125-037-0020,,-- None --,11/10/2011,2014,220,Dealer in tangible personal property
6153787,27 - HIALEAH GARDENS,5899472,011 CONEXION CORP,011 CONEXION CORP,"10107 W OKEECHOBEE RD HIALEAH GARDENS, FL 33016 ",RET-STR,RETAIL SALES,011 CONEXION CORP RENE A RIVERO  PRES,10107 W OKEECHOBEE RD,,HIALEAH GARDENS,FL,33016,2,Active,Paid In Full,8/1/2013,-- None --,-- None --,786-382-6626,27-3003-001-0371,40-200842,-- None --,10/19/2006,2014,214,Retail sales
6153779,27 - HIALEAH GARDENS,5899472,011 CONEXION CORP,011 CONEXION CORP,"10107 W OKEECHOBEE RD HIALEAH GARDENS, FL 33016 ",COM-LON,COMMUNICATION BUSINESS,011 CONEXION CORP RENE A RIVERO  PRES,10107 W OKEECHOBEE RD,,HIALEAH GARDENS,FL,33016,,Active,Paid In Full,8/5/2013,-- None --,-- None --,786-382-6626,27-3003-001-0371,40-200842,-- None --,10/19/2006,2014,217,Local exchange telecommunication company or Communication businesses
5956959,04 - HIALEAH,5711685,011 CONEXION CORP INC,011 CONEXION CORP INC,"1175 W 29 ST HIALEAH, FL 33012 ",RET-STR,RETAIL SALES,011 CONEXION CORP INC RENE A RIVERO,10107 W OKEECHOBEE RD,,HIALEAH,FL,33016,3,Active,Paid In Full,8/5/2013,-- None --,-- None --,786-382-6626,04-3012-016-0490,,-- None --,1/26/2006,2014,214,Retail sales
7037948,04 - HIALEAH,5711685,011 CONEXION CORP INC,011 CONEXION CORP INC,"1175 W 29 ST HIALEAH, FL 33012 ",TRA,SELLER OF TRAVEL,011 CONEXION CORP INC RENE A RIVERO,10107 W OKEECHOBEE RD,,HIALEAH,FL,33016,2,Active,Paid In Full,8/1/2013,-- None --,-- None --,786-382-6626,04-3012-016-0490,,-- None --,2/18/2011,2014,220,Dealer in tangible personal property
5956942,04 - HIALEAH,5711685,011 CONEXION CORP INC,011 CONEXION CORP INC,"1175 W 29 ST HIALEAH, FL 33012 ",COM-LON,COMMUNICATION BUSINESS,011 CONEXION CORP INC RENE A RIVERO,10107 W OKEECHOBEE RD,,HIALEAH,FL,33016,,Active,Paid In Full,8/1/2013,-- None --,-- None --,786-382-6626,04-3012-016-0490,,-- None --,1/26/2006,2014,217,Local exchange telecommunication company or Communication businesses
6799846,30 - UNIN DADE COUNTY,6933239,1 2 3 AUTO RENTAL LLC,1 2 3 AUTO RENTAL LLC,"4019 NW 28 ST MIAMI, FL 33142 ",SER-CHA,SERVICE BUSINESS,1 2 3 AUTO RENTAL LLC JORGE GONZALEZ MGR,4019 NW 28 ST,,MIAMI,FL,33142,2,Active,Unpaid,,-- None --,-- None --,305-871-0776,30-3129-007-0250,,Enforcement,11/10/2009,2014,213,Service business/multiple service business or Passenger transportation services
6563473,30 - UNIN DADE COUNTY,6297527,ROJO ALEX,1 2 3 FIXED,"OPERATING IN DADE COUNTY MIAMI, FL 33999 ",SER-SNR,SERVICE BUSINESS,ROJO ALEX ALEX ROJO,6028 SW 35 ST,,MIAMI,FL,33155,1,Active,Unpaid,,-- None --,-- None --,786-385-2323,,,Mobile Business,9/11/2008,2014,213,Service business/multiple service business or Passenger transportation services
7262009,30 - UNIN DADE COUNTY,6986450,1 2 GREEN LANDSCAPE LLC,1 2 GREEN LANDSCAPE LLC,"OPERATING IN DADE COUNTY MIAMI, FL 33999 ",SER-LAW,SERVICE BUSINESS,1 2 GREEN LANDSCAPE LLC PERSSY JUDKA MGRM,2245 SW 16 TERR,,MIAMI,FL,33145,1,Active,Unpaid,,-- None --,-- None --,786-000-0000,,,Mobile Business,5/10/2012,2014,213,Service business/multiple service business or Passenger transportation services
5229349,88 - COMMERCIAL LESSORS,5008024,1 3 2 PLAZA BUILDING LLC,1 3 2 PLAZA BUILDING LLC,"MUNICIPALITIES LOC COMMERCIAL LESSORS, FL 33888 ",LES,COMMERCL/INDUST/OFFICE SPACE,1 3 2 PLAZA BUILDING LLC KENNETH FLEISHER  MANAGER,5944 CORAL RIDGE DR  #145,,CORAL SPRINGS,FL,33076,12047,Active,Paid In Full,7/8/2013,-- None --,-- None --,954-341-8730,20-5015-000-0511,,-- None --,2/18/2003,2014,192,"Hotels, apartments, motels, etc. or Commercial, industrial or office space"
5798732,88 - COMMERCIAL LESSORS,5558524,1 4 7 REALTY CORP,1 4 7 REALTY CORP,"MUNICIPALITIES LOC COMMERCIAL LESSORS, FL 33888 ",LES,COMMERCL/INDUST/OFFICE SPACE,1 4 7 REALTY CORP JEFFREY COHEN,880 LAKEVIEW DR,,MIAMI BEACH,FL,33140,7365,Active,Paid In Full,8/7/2013,-- None --,-- None --,305-000-0000,01-3125-057-0120,,-- None --,5/13/2005,2014,192,"Hotels, apartments, motels, etc. or Commercial, industrial or office space"
6972351,34 - MIAMI GARDENS,6699236,1 800 411 PAIN REFERRAL SERVICE,1 800 411 PAIN REFERRAL SERVICE LLC,"17325 NW 27 AVE 107 MIAMI GARDENS, FL 33056 ",SER-INF,SERVICE BUSINESS,1 800 411 PAIN REFERRAL SERVICE ROBERT LEWIN MGR,12441 N STONEBROOK CIR,,DAVIE,FL,33330,10,Active,Paid In Full,7/9/2013,-- None --,-- None --,305-623-5939,34-2110-011-1390,,-- None --,10/6/2010,2014,213,Service business/multiple service business or Passenger transportation services
6077598,30 - UNIN DADE COUNTY,5828984,A GUTZ VENTURE CORP,1 800 GOT JUNK ?,"12510 SW 117 CT MIAMI, FL 33176 ",SER-CLM,SERVICE BUSINESS,A GUTZ VENTURE CORP ALBERT GUITERREZ  PRES,10773 NW 58 ST  #162,,DORAL,FL,33178,1,Active,Paid In Full,7/18/2013,-- None --,-- None --,786-258-5492,30-5913-002-0050,,-- None --,7/3/2006,2014,213,Service business/multiple service business or Passenger transportation services
7100373,30 - UNIN DADE COUNTY,6826763,1 800 LOCK KEY & SAFE INC,1 800 LOCK KEY & SAFE INC,"DOING BUS IN DADE CO MIAMI, FL 33000 ",LOC,LOCKSMITH SERVICE,1 800 LOCK KEY & SAFE INC OFER MASHAL PRES,801 CYPRESS LN,,HALLANDALE,FL,33009,1,Active,Paid In Full,8/8/2013,-- None --,-- None --,305-788-0629,,,Mobile Business,6/7/2011,2014,213,Service business/multiple service business or Passenger transportation services
7071780,27 - HIALEAH GARDENS,6798111,RADIATOR EXPRESS WAREHOUSE INC,1 800 RADIATOR & A/C,"9800 NW 78 AVE HIALEAH GARDENS, FL 33016 ",DLR-WHO,TANGIBLE PERSONAL PROP DLR,RADIATOR EXPRESS WAREHOUSE INC JOSEPH RIPPEY,4401 PARK RD,,BENICIA,CA,94510,12,Active,Unpaid,,-- None --,-- None --,786-845-0701,27-3003-008-0010,,-- None --,4/14/2011,2014,220,Dealer in tangible personal property
4445193,35 - DORAL,5480694,1 866 JUNK BE GONE CORP / MIAMI,1 866 JUNK BE GONE CORP / MIAMI,"7925 NW 12 ST 130 DORAL, FL 33126 ",SER-GAR,SERVICE BUSINESS,1 866 JUNK BE GONE CORP / MIAMI JORGE L BUSTAMANTE PRES,7925 NW 12 ST 130,,DORAL,FL,33126,2,Active,Paid In Full,10/30/2013,-- None --,-- None --,305-634-2749,35-3034-001-0020,,Enforcement,3/27/2000,2014,213,Service business/multiple service business or Passenger transportation services
7368426,30 - UNIN DADE COUNTY,7090533,1 A MAGIC CITY PRODUCTIONS INC,1 A MAGIC CITY PRODUCTIONS INC,"11851 SW 147 AVE MIAMI, FL 33196 ",SER-REN,SERVICE BUSINESS,1 A MAGIC CITY PRODUCTIONS INC YORLEY MONTEAGUDO PRESIDENT,1728 SW 11 TERR,,MIAMI,FL,33135,1,Active,Paid In Full,9/30/2013,-- None --,-- None --,786-209-5764,30-5910-048-0020,,-- None --,1/16/2013,2014,213,Service business/multiple service business or Passenger transportation services
7440981,30 - UNIN DADE COUNTY,7162887,1 A MIOS CONTRACTING INC C/O OSMANY FUENTESECA-GONZALEZ PRES,1 A MIOS CONTRACTING INC,OPERATING IN DADE COUNTY   ,SER-LAW,SERVICE BUSINESS,1 A MIOS CONTRACTING INC C/O OSMANY FUENTESECA-GONZALEZ PRES,14615 SW 47 TER,,MIAMI,FL,33175,1,Active,Paid In Full,11/14/2013,-- None --,-- None --,904-206-6238,,,Mobile Business,11/14/2013,2014,213,Service business/multiple service business or Passenger transportation services
6417018,01 - MIAMI,6153274,1 E 350 XLT SB LLC,1 E 350 XLT SB LLC,"80 SW 8 ST 2000 MIAMI, FL 33130 ",PAS-PMC,PASSENGER TRANSPORTATION SERV,1 E 350 XLT SB LLC,80 SW 8 ST  2000,,MIAMI,FL,33130,1,Active,Paid In Full,7/15/2013,-- None --,-- None --,000-000-0000,01-0205-060-1100,,-- None --,12/24/2007,2014,213,Service business/multiple service business or Passenger transportation services
5034350,30 - UNIN DADE COUNTY,4822947,1 FLORIDA REALTY INC,1 FLORIDA REALTY INC,"6175 NW 167 ST G08 MIAMI, FL 33015 ",PRO-REB,PROFESSIONAL,1 FLORIDA REALTY INC ENRIQUE H. GONZALEZ PRESIDENT,6175 NW 167 ST SUITE G8,,MIAMI,FL,33015,,Active,Paid In Full,8/28/2013,-- None --,-- None --,305-828-2755,30-2013-023-0001,,-- None --,5/23/2002,2014,212,"Professions, professional associations"
7038169,01 - MIAMI,6764782,1 KIND HOME INC,1 KIND HOME INC,"911 SW 12 AVE MIAMI, FL 33135 ",ACL,ASSISTED LIVING FACILITY,1 KIND HOME INC KARINA MIRANDA PRES,7950 NW 185 ST,,MIAMI,FL,33015,,Active,Paid In Full,7/10/2013,-- None --,-- None --,305-776-4437,01-4111-001-0552,,Home Business,2/18/2011,2014,213,Service business/multiple service business or Passenger transportation services
5046073,01 - MIAMI,4834678,1 OF A KIND JEWELRY OF FLA INC,1 OF A KIND JEWELRY DESIGNS,"1 NE 1 ST 18 MIAMI, FL 33132 ",DLR-WHO,TANGIBLE PERSONAL PROP DLR,1 OF A KIND JEWELRY OF FLA INC SAMIR RACHED MGR,1 NE 1 ST  #18,,MIAMI,FL,33132,1,Active,Unpaid,,-- None --,-- None --,305-358-7031,01-0110-050-1060,,Enforcement,6/6/2002,2014,220,Dealer in tangible personal property
7332653,30 - UNIN DADE COUNTY,7055163,1 ON 1 ADDICTIONS COUNSELING,1 ON 1 ADDICTIONS COUNSELING FOR ATHLETES INC,"8976 SW 207 ST MIAMI, FL 33189 ",CON,CONSULTANT,1 ON 1 ADDICTIONS COUNSELING SARAH GREER PRES,8976 SW 207 ST,,CUTLER BAY,FL,33189,,Active,Paid In Full,7/8/2013,-- None --,-- None --,000-0000,30-6009-030-0780,,-- None --,10/19/2012,2014,212,"Professions, professional associations"
7395197,10 - HOMESTEAD,7117609,1 ON 1 RELIABLE CREDIT REPAIR INC,1 ON 1 RELIABLE CREDIT REPAIR INC,"21 NW 8 ST HOMESTEAD, FL 33030 ",SER-BUS,SERVICE BUSINESS,1 ON 1 RELIABLE CREDIT REPAIR INC KAREN CONCEPCION PRES,4120 NE 30 ST,,HOMESTEAD,FL,33033,1,Active,Unpaid,,-- None --,-- None --,000-0000,10-7813-001-0050,,-- None --,3/13/2013,2014,213,Service business/multiple service business or Passenger transportation services
6764089,30 - UNIN DADE COUNTY,6494157,1 PARADISE MEDICAL INC,1 PARADISE MEDICAL INC,"13155 SW 134 ST 221 MIAMI, FL 33186 ",ASS,P.A./CORP/PARTNERSHIP/FIRM,1 PARADISE MEDICAL INC KIRENIA BUSTILLO PRES,13155 SW 134 ST 221,,MIAMI,FL,33186,2,Active,Unpaid,,-- None --,-- None --,786-333-3369,30-5914-083-0020,,Enforcement,9/9/2009,2014,212,"Professions, professional associations"
7405640,04 - HIALEAH,7128432,1 QUICK ALUMINUM & IRON WORK INC C/O JOSE V BERARDINELLI PRES,1 QUICK ALUMINUM & IRON WORK INC,"1059 E 41 ST HIALEAH, FL 33013 ",MFG-MNF,MFG/RECYCLING/PROCESSING,1 QUICK ALUMINUM & IRON WORK INC C/O JOSE V BERARDINELLI PRES,1059 E 41 ST,,HIALEAH,FL,33013,1,Active,Paid In Full,8/20/2013,-- None --,-- None --,786-346-0051,,,-- None --,4/3/2013,2014,206,"Manufacturing, recycling, processing, etc."
5560454,35 - DORAL,5323126,1 QUICK LOCKSMITH INC,1 QUICK LOCKSMITH INC,"9805 NW 52 ST 204 DORAL, FL 33178 ",LOC,LOCKSMITH SERVICE,1 QUICK LOCKSMITH INC MONICA OCHOA,9805 NW 52 ST  204,,DORAL,FL,33178,1,Active,Unpaid,,-- None --,-- None --,786-346-5500,35-3020-044-0090,,Home Business,5/19/2004,2014,213,Service business/multiple service business or Passenger transportation services
6988449,02 - MIAMI BEACH,6715123,1 RESPONSE LOCKSMITH LLC,1 RESPONSE LOCKSMITH LLC,"1521 ALTON RD 471 MIAMI BEACH, FL 33139 ",LOC,LOCKSMITH SERVICE,1 RESPONSE LOCKSMITH LLC SHAI SNIR,1521 ALTON RD 471,,MIAMI BCH,FL,33139,1,Active,Paid In Full,8/23/2013,-- None --,-- None --,786-326-3674,02-3234-018-0480,,-- None --,11/3/2010,2014,213,Service business/multiple service business or Passenger transportation services
6931266,30 - UNIN DADE COUNTY,6660089,1 SHOP HOME IMPROVEMENT INC,1 SHOP HOME IMPROVEMENT INC,"OPERATING IN DADE COUNTY MIAMI, FL 33999 ",SER-SNR,SERVICE BUSINESS,1 SHOP HOME IMPROVEMENT INC TONY CHESTER PRES,658 NW 100 ST,,MIAMI,FL,33150,2,Active,Unpaid,,-- None --,-- None --,954-243-8781,,,"Enforcement, Mobile Business, Social Security or Federal Employer ID #",7/16/2010,2014,213,Service business/multiple service business or Passenger transportation services
7315286,01 - MIAMI,7039084,1 SOURCE AUTO BOUTIQUE LLC,1 SOURCE AUTO BOUTIQUE LLC,"7340 SW 8 ST MIAMI, FL 33144 ",AUT,AUTO / TRUCK / VAN SALES,1 SOURCE AUTO BOUTIQUE LLC MIGUEL RODRIGUEZ MGR,18804 SW 76 CT,,CUTLER BAY,FL,33157,3,Active,Unpaid,,-- None --,-- None --,305-398-3009,01-4002-003-2490,,-- None --,9/18/2012,2014,214,Retail sales
7315278,01 - MIAMI,7039076,1 SOURCE FINANCIAL SERVICES LLC,1 SOURCE FINANCIAL SERVICES LLC,"7340 SW 8 ST MIAMI, FL 33144 ",FIN-FLM,FINANCE/INVESTMENT/HOLDING CO,1 SOURCE FINANCIAL SERVICES LLC MIGUEL RODRIGUEZ MGR,18804 SW 76 CT,,CUTLER BAY,FL,33157,,Active,Unpaid,,-- None --,-- None --,305-298-3009,01-4002-003-2490,,-- None --,9/18/2012,2014,218,Dealer in intangible personal property
4112181,30 - UNIN DADE COUNTY,6014278,1 ST CHOICE APPLIANCE SERV INC,1 ST CHOICE APPLIANCE SERVICE INC,"OPERATING IN DADE COUNTY MIAMI, FL 33999 ",SER-SNR,SERVICE BUSINESS,1 ST CHOICE APPLIANCE SERV INC GENARO GOMEZ PRES,12840 SW 267 ST,,MIAMI,FL,33032,1,Active,Paid In Full,9/11/2013,-- None --,-- None --,305-258-6183,,,Mobile Business,6/10/1998,2014,213,Service business/multiple service business or Passenger transportation services
7060452,11 - MIAMI SHORES,6786918,1 ST CHOICE PAINTING CO,1 ST CHOICE PAINTING CO,"154 NW 111 ST MIAMI SHORES, FL 33168 ",BLDGS,SPECIALTY BUILDING CONTRACTOR,1 ST CHOICE PAINTING CO JIAM GONZALEZ PRES,154 NW 111 ST,,MIAMI SHORES,FL,33168,2,Active,Unpaid,,-- None --,-- None --,305-000-0000,11-2136-003-0450,,"Enforcement, Home Business",3/28/2011,2014,196,Contracting
7295157,27 - HIALEAH GARDENS,7019201,1 STOP AUTO SHOP OF SOUTH,1 STOP AUTO SHOP OF SOUTH FLORIDA CORP,"9695 NW 79 AVE BAY 5 HIALEAH GARDENS, FL 33016 ",AUT,AUTO / TRUCK / VAN SERVICE,1 STOP AUTO SHOP OF SOUTH ELISEO VELASQUEZ PRES,9695 NW 79 AVE BAY 5,,HIALEAH GARDENS,FL,33016,2,Active,Paid In Full,9/27/2013,-- None --,-- None --,786-000-0000,27-3003-001-0624,,-- None --,7/30/2012,2014,213,Service business/multiple service business or Passenger transportation services
6459986,30 - UNIN DADE COUNTY,6195556,1 STOP BAIL SERVICES INC,1 STOP BAIL SERVICES INC,"OPERATING IN DADE COUNTY MIAMI, FL 33999 ",DLR-SAL,TANGIBLE PERSONAL PROP DLR,1 STOP BAIL SERVICES INC RAUL LEAL PRES,6834 SW 127 PL,,MIAMI,FL,33183,1,Active,Unpaid,,-- None --,-- None --,305-387-3993,,,Mobile Business,2/28/2008,2014,220,Dealer in tangible personal property
6951736,30 - UNIN DADE COUNTY,6679253,1 STOP GAS SERVICE INC,1 STOP GAS SERVICE INC,"6862 NW 173 DR 404 MIAMI, FL 33015 ",LPGX,DEALER/DISTR/INSTALLATION,1 STOP GAS SERVICE INC PAUL RODRIGUEZ PRES,6862 NW 173 DR UNIT 404,,HIALEAH,FL,33015,,Active,Unpaid,,-- None --,-- None --,305-456-9583,30-2011-018-0360,40-240539,Enforcement,9/1/2010,2014,205,"Liquefied petroleum gas; distributors; installers, and manufacturers"
6777024,07 - NORTH MIAMI BEACH,6506894,EDA REGIS,1 STOP GLOBAL ACCOUNTANT & TAX SERVICES,"487 NE 167 ST NORTH MIAMI BEACH, FL 33162 ",SER-ACC,SERVICE BUSINESS,EDA REGIS,340 NE 152 ST,,MIAMI,FL,33162,1,Active,Unpaid,,-- None --,-- None --,786-277-0378,07-2207-007-0020,,-- None --,10/1/2009,2014,213,Service business/multiple service business or Passenger transportation services
6672365,30 - UNIN DADE COUNTY,6404255,1 STOP PERMIT SERVICE INC,1 STOP PERMIT SERVICE INC,"13863 SW 67th Terrace MIAMI, FL 33183 ",SER-BUS,SERVICE BUSINESS,1 STOP PERMIT SERVICE INC,13863 SW 67th Terrace,,MIAMI,FL,33183,1,Active,Unpaid,,-- None --,-- None --,305-200-3540,,,"Enforcement, Home Business",3/23/2009,2014,213,Service business/multiple service business or Passenger transportation services
5604781,30 - UNIN DADE COUNTY,5367099,1 STOP SHOP INC,1 STOP SHOP INC,"16205 SW 117 AVE 14 MIAMI, FL 33177 ",SER-SNR,SERVICE BUSINESS,1 STOP SHOP INC CESAR MEDINA PRES,16205 SW 117 AVE 14,,MIAMI,FL,33177,5,Active,Paid In Full,9/13/2013,-- None --,-- None --,305-238-0804,30-5030-018-0070,40-136310,-- None --,7/7/2004,2014,213,Service business/multiple service business or Passenger transportation services
4341210,30 - UNIN DADE COUNTY,4157038,1 STOP STEAMERS INC,1 STOP STEAMERS INC,"OPERATING IN DADE COUNTY MIAMI, FL 33999 ",SER-CLM,SERVICE BUSINESS,1 STOP STEAMERS INC LESTER SOLORZANO,13524 SW 9 LANE,,MIAMI,FL,33184,1,Active,Paid In Full,8/27/2013,-- None --,-- None --,305-226-0735,,,Mobile Business,9/27/1999,2014,213,Service business/multiple service business or Passenger transportation services
6477418,30 - UNIN DADE COUNTY,6212781,1 STOP UPGRADES INC,1 STOP UPGRADES INC,"DOING BUS IN DADE CO MIAMI, FL 33000 ",BLDGS,SPECIALTY BUILDING CONTRACTOR,1 STOP UPGRADES INC MANUEL M BLANCO PRESIDENT,5300 SW 141 TER,,MIRAMAR,FL,33027,1,Active,Paid In Full,7/8/2013,-- None --,-- None --,305-297-6557,,,Mobile Business,3/28/2008,2014,196,Contracting
5527479,01 - MIAMI,6186951,1 STOP WIRELESS LLC,1 STOP WIRELESS LLC,"5401 NE 2 AVE MIAMI, FL 33137 ",RET-STR,RETAIL SALES,1 STOP WIRELESS LLC CHARLES LEMOINE,5401 NE 2 AVE,,MIAMI,FL,33137,1,Active,Paid In Full,7/26/2013,-- None --,-- None --,305-754-4040,01-3218-027-0190,,-- None --,4/15/2004,2014,214,Retail sales
5013511,88 - COMMERCIAL LESSORS,4802899,1 WASHINGTON AVENUE CORP,1 WASHINGTON AVENUE CORP,"MUNICIPALITIES LOC COMMERCIAL LESSORS, FL 33888 ",LES,COMMERCL/INDUST/OFFICE SPACE,1 WASHINGTON AVENUE CORP THE NY RESTAURANT GROUP,260 FRANKLIN ST STE 1860,,BOSTON,MA,2111,20851,Active,Paid In Full,7/30/2013,-- None --,-- None --,212-838-2061,02-4210-000-0042,,-- None --,5/8/2002,2014,192,"Hotels, apartments, motels, etc. or Commercial, industrial or office space"
6553664,30 - UNIN DADE COUNTY,6287890,1 WORKFORCE CORP,1 WORKFORCE CORP,"13727 SW 152 ST 382 MIAMI, FL 33177 ",SER-JAN,SERVICE BUSINESS,1 WORKFORCE CORP SHARON DIXON PRES,13727 SW 152 ST 382,,MIAMI,FL,33177,1,Active,Unpaid,,-- None --,-- None --,305-370-9385,30-5927-014-0010,,-- None --,8/21/2008,2014,213,Service business/multiple service business or Passenger transportation services
7256662,10 - HOMESTEAD,6980982,1 WORLD SERVICES CORP,1 WORLD SERVICES CORP,"701 S HOMESTEAD BLVD HOMESTEAD, FL 33030 ",SER-MAN,SERVICE BUSINESS,1 WORLD SERVICES CORP RAUL A DELEON III PRES,701 S HOMESTEAD BLVD,,HOMESTEAD,FL,33030,1,Active,Unpaid,,-- None --,-- None --,954-000-0000,10-7918-000-0083,,Home Business,4/27/2012,2014,213,Service business/multiple service business or Passenger transportation services
7436703,02 - MIAMI BEACH,7159410,FAIRFIELD & CO LLC C/O ROBERT CRAWFORD MANAGER,1-888-WOW-1DAY! PAINTING,"35 W DILIDO DR MIAMI BEACH, FL 33139 ",BLDGS,SPECIALTY BUILDING CONTRACTOR,FAIRFIELD & CO LLC C/O ROBERT CRAWFORD MANAGER,35 W DILIDO DR,,MIAMI BEACH,FL,33139,2,Active,Paid In Full,11/18/2013,-- None --,-- None --,305-333-1432,02-3232-011-1040,,Home Business,9/4/2013,2014,196,Contracting
2487452,06 - NORTH MIAMI,2367639,JOSE LEIVA JOSE,1.49 SUPER SUB SHOP,"13041 W DIXIE HWY NORTH MIAMI, FL 33161 ",EAT,EATING ESTABLISHMENT,JOSE LEIVA JOSE,13041 W DIXIE HWY,,N MIAMI,FL,33161,1,Active,Paid In Full,9/25/2013,-- None --,-- None --,305-891-3414,06-2229-050-0010,,-- None --,1/22/1991,2014,195,Eating establishments or Catering businesses
6369045,30 - UNIN DADE COUNTY,6106140,1/2 PRICE MATTRESS IX INC,1/2 PRICE MATTRESS IX INC,"13900 NW 7 AVE MIAMI, FL 33168 ",RET-STR,RETAIL SALES,1/2 PRICE MATTRESS IX INC BENJAMIN TABRAUE PRES,13900 NW 7 AVE,,MIAMI,FL,33168,1,Active,Unpaid,,-- None --,-- None --,305-685-1238,30-2123-011-0160,40-194737,-- None --,10/1/2007,2014,214,Retail sales
6791868,04 - HIALEAH,6521513,1/2 PRICE MATTRESS XI INC,1/2 PRICE MATTRESS XI,"3520 W 18 AVE 145 HIALEAH, FL 33012 ",RET-STR,RETAIL SALES,1/2 PRICE MATTRESS XI INC CALEB TABRAU PRES,3520 W 18 AVE 145,,HIALEAH,FL,33012,1,Active,Paid In Full,7/25/2013,-- None --,-- None --,305-362-0550,04-3011-035-0010,,-- None --,10/26/2009,2014,214,Retail sales
7433745,35 - DORAL,7156878,10 APRIL LLC C/O PEDRO IZAGUIRRE,10 APRIL LLC,"4420 NW 107 AVE #205 DORAL, FL 33178 ",DLR-TAN,TANGIBLE PERSONAL PROP DLR,10 APRIL LLC C/O PEDRO IZAGUIRRE,4420 NW 107 AVE #205,,DORAL,FL,33178,1,Active,Paid In Full,10/22/2013,-- None --,-- None --,305-579-1479,,,-- None --,6/19/2013,2014,220,Dealer in tangible personal property
6195333,30 - UNIN DADE COUNTY,5938627,10 MINMANICURE LLC,10 MINMANICURE LLC,"MIAD J 2 40 MIAMI, FL 33160 ",BTY,BARBER / BEAUTY SHOP /SERVICE,10 MINMANICURE LLC LORRAINE B ONEIL MGR,608 SE 6 ST #4,,FT LAUDERDALE,FL,33301,10,Active,Unpaid,,-- None --,-- None --,954-533-4599,30-3130-000-0010,,-- None --,12/18/2006,2014,213,Service business/multiple service business or Passenger transportation services
811183,02 - MIAMI BEACH,2703156,10 S SHORE LLC,10 S SHORE LLC,"30 S SHORE DR MIAMI BEACH, FL 33141 ",APT,APARTMENTS,10 S SHORE LLC URBAN RESOURCE,PO BOX 415700,,MIAMI BEACH,FL,33141,7,Active,Unpaid,,-- None --,-- None --,305-403-2424,02-3203-007-1280,,"Enforcement, Returned Mail",8/24/1988,2014,192,"Hotels, apartments, motels, etc. or Commercial, industrial or office space"
4929882,88 - COMMERCIAL LESSORS,4721115,10 SE 4 RD CORP,10 SE 4 RD CORP,"MUNICIPALITIES LOC COMMERCIAL LESSORS, FL 33888 ",LES,COMMERCL/INDUST/OFFICE SPACE,10 SE 4 RD CORP LARKIN JEREMY S PRES,9655 S DIXIE HWY #300,,MIAMI,FL,33156,12687,Active,Paid In Full,8/5/2013,-- None --,-- None --,305-938-4000,10-7918-008-1890,,-- None --,4/9/2002,2014,192,"Hotels, apartments, motels, etc. or Commercial, industrial or office space"
7239544,30 - UNIN DADE COUNTY,6964010,10 TEN DESIGN BUILD INC,10 TEN DESIGN BUILD INC,"9812 SW 134 PL MIAMI, FL 33186 ",SER-MAN,SERVICE BUSINESS,10 TEN DESIGN BUILD INC ALAN EISENSTEIN,9812 SW 134 PL,,MIAMI,FL,33186,1,Active,Paid In Full,10/2/2013,-- None --,-- None --,786-202-0855,30-5902-005-0190,,Home Business,3/22/2012,2014,213,Service business/multiple service business or Passenger transportation services
798711,01 - MIAMI,798711,INNOVATIVE PROPERTY MGT INC,100 APTS & ROOMING HOUSE,"102 NW 14 ST MIAMI, FL 33136 ",APT,APARTMENTS,INNOVATIVE PROPERTY MGT INC L STARKE,3340 SW 32 AVE,,MIAMI,FL,33133,18,Active,Paid In Full,7/8/2013,-- None --,-- None --,305-751-6232,01-3136-009-0430,,-- None --,8/24/1988,2014,192,"Hotels, apartments, motels, etc. or Commercial, industrial or office space"
7084403,25 - SWEETWATER,6810866,100 FUEGOS EXPRESS CORPORATION,100 FUEGOS EXPRESS CORPORATION,"11387 NW 7 ST 206 SWEETWATER, FL 33172 ",SER-DEL,SERVICE BUSINESS,100 FUEGOS EXPRESS CORPORATION TOMAS RODRIGUEZ,11387 NW 7 ST 206,,MIAMI,FL,33172,1,Active,Unpaid,,-- None --,-- None --,786-262-8298,25-3056-098-0660,,-- None --,5/9/2011,2014,213,Service business/multiple service business or Passenger transportation services
7130719,01 - MIAMI,6856117,100 M HOLDING INC,100 M FRANCHISE LLC,"3250 NE 1 AVE 321 MIAMI, FL 33137 ",FIN-FLM,FINANCE/INVESTMENT/HOLDING CO,100 M HOLDING INC CARLOS PEREZ TENORIO PRES,3250 NE 1 AVE 321,,MIAMI,FL,33137,,Active,Unpaid,,-- None --,-- None --,305-503-3833,01-3125-078-0040,,-- None --,8/16/2011,2014,218,Dealer in intangible personal property
6016661,14 - SURFSIDE,5770012,100 MARKETERS LLC,100 MARKETERS LLC,"260 95 ST 201 SURFSIDE, FL 33154 ",SER-GRA,SERVICE BUSINESS,100 MARKETERS LLC DAVID HERMAN  MANAGER,260 95 ST  #201,,SURFSIDE,FL,33154,1,Active,Paid In Full,7/8/2013,-- None --,-- None --,786-264-1767,14-2235-007-0520,,-- None --,4/19/2006,2014,213,Service business/multiple service business or Passenger transportation services
7078777,01 - MIAMI,6805155,MONTI INTERNATIONAL LLC,100 MONTADITOS,"3252 NE 1 AVE 104 MIAMI, FL 33137 ",EAT,EATING ESTABLISHMENT,MONTI INTERNATIONAL LLC ROBERTO PAPPATERRA MGR,3252 NE 1 AVE 104,,MIAMI,FL,33137,52,Active,Paid In Full,7/18/2013,-- None --,-- None --,305-491-0774,01-0106-030-1010,,-- None --,4/27/2011,2014,195,Eating establishments or Catering businesses
7407752,02 - MIAMI BEACH,7130628,LINCLON OPERATOR LLC C/O MIKE GRIMES MGR,100 MONTADITOS,"551 LINCOLN RD MIAMI BEACH, FL 33139 ",EAT,EATING ESTABLISHMENT,LINCLON OPERATOR LLC C/O MIKE GRIMES MGR,551 LINCOLN RD,,MIAMI,FL,33139,150,Active,Unpaid,,-- None --,-- None --,305-989-9028,,,-- None --,4/9/2013,2014,195,Eating establishments or Catering businesses
5188669,88 - COMMERCIAL LESSORS,4969235,100 NORTHEAST 15 STREET LLC,100 NORTHEAST 15 STREET LLC,"MUNICIPALITIES LOC COMMERCIAL LESSORS, FL 33888 ",LES,COMMERCL/INDUST/OFFICE SPACE,100 NORTHEAST 15 STREET LLC ADAM BASS MANAGER,100 NE 15 ST #212,,HOMESTEAD,FL,33030,7797,Active,Unpaid,,-- None --,-- None --,305-000-0000,10-7907-034-0040,,-- None --,12/31/2002,2014,192,"Hotels, apartments, motels, etc. or Commercial, industrial or office space"
5033550,88 - COMMERCIAL LESSORS,4822202,100 NWT FEE OWNER LLC,100 NWT FEE OWNER LLC,"MUNICIPALITIES LOC COMMERCIAL LESSORS, FL 33888 ",LES,COMMERCL/INDUST/OFFICE SPACE,100 NWT FEE OWNER LLC,333 SOUTH MIAMI AVE #150,,MIAMI,FL,33132,472090,Active,Paid In Full,8/22/2013,-- None --,-- None --,305-374-5455,01-0110-020-2010,,-- None --,5/23/2002,2014,192,"Hotels, apartments, motels, etc. or Commercial, industrial or office space"
6333074,04 - HIALEAH,6071070,100 PALO DE ORO DRIVE LLC,100 PALO DE ORO DRIVE LLC,"7701 W 26 AVE 6 HIALEAH, FL 33016 ",SER-SNR,SERVICE BUSINESS,100 PALO DE ORO DRIVE LLC VIRGILIA CORCES,11801 SW 90 ST #201,,MIAMI,FL,33186,3,Active,Paid In Full,7/18/2013,-- None --,-- None --,305-803-7632,04-2027-096-0150,,-- None --,7/25/2007,2014,213,Service business/multiple service business or Passenger transportation services
832379,04 - HIALEAH,4787959,100 WEST LLC,100 WEST LLC,"100 W 26 ST HIALEAH, FL 33010 ",APT,APARTMENTS,100 WEST LLC RICHARD VEGA,17931 SW 27 ST,,MIRAMAR,FL,33029,10,Active,Paid In Full,8/21/2013,-- None --,-- None --,954-614-9952,04-3107-006-1630,,-- None --,8/24/1988,2014,192,"Hotels, apartments, motels, etc. or Commercial, industrial or office space"
7027907,12 - BAL HARBOUR,6754478,100% CAPRI LLC,100% CAPRI LLC,"9700 COLLINS AVE 218 BAL HARBOUR, FL 33154 ",RET-STR,RETAIL SALES,100% CAPRI LLC ANTONIO AIELLO MGR,9700 COLLINS AVE #218,,BAL HARBOUR,FL,33154,7,Active,Paid In Full,7/31/2013,-- None --,-- None --,305-866-4117,12-2226-006-0060,,-- None --,2/2/2011,2014,214,Retail sales
6508882,24 - VILLAGE OF KEY BISCAYNE,6244347,100% KEY BISCAYNE LLC,100% NATURAL,"180 CRANDON BLVD 101 VILLAGE OF KEY BISCAYNE, FL 33149 ",EAT,EATING ESTABLISHMENT,100% KEY BISCAYNE LLC DIEGO ALEMAN,180 CRANDON BLVD 101,,KEY BISCAYNE,FL,33149,7,Active,Paid In Full,7/16/2013,-- None --,-- None --,305-365-0485,24-4232-002-0080,,-- None --,5/20/2008,2014,195,Eating establishments or Catering businesses
6502190,24 - VILLAGE OF KEY BISCAYNE,6237556,100% KEY BISCAYNE LLC,100% NATURAL,"10 VILLAGE GREENWAY VILLAGE OF KEY BISCAYNE, FL 33149 ",EAT,EATING ESTABLISHMENT,100% KEY BISCAYNE LLC JOSE SOLIS CAMARA MGR,10 VILLAGE GREENWAY,,KEY BISCAYNE,FL,33149,3,Active,Paid In Full,7/16/2013,-- None --,-- None --,305-361-7211,24-5205-062-0020,,-- None --,5/8/2008,2014,195,Eating establishments or Catering businesses
4949336,88 - COMMERCIAL LESSORS,4740156,1000 BISCAYNE INC,1000 BISCAYNE INC,"MUNICIPALITIES LOC COMMERCIAL LESSORS, FL 33888 ",LES,COMMERCL/INDUST/OFFICE SPACE,1000 BISCAYNE INC SIDNEY ATZMON,2522 NW 63 LN,,BOCA RATON,FL,33496,7000,Active,Paid In Full,7/30/2013,-- None --,-- None --,954-561-4313,01-0102-000-1060,,-- None --,4/15/2002,2014,192,"Hotels, apartments, motels, etc. or Commercial, industrial or office space"
6732516,02 - MIAMI BEACH,6463764,1000 FIFTH STREET CORP,1000 FIFTH STREET CORP,"1000 5 ST MIAMI BEACH, FL 33139 ",SER-MAN,SERVICE BUSINESS,1000 FIFTH STREET CORP CLALUDI ZICHY THYSSEN  PRES,1000 5 ST,,MIAMI BEACH,FL,33139,1,Active,Paid In Full,7/11/2013,-- None --,-- None --,305-674-1891,02-4203-009-7900,,-- None --,6/29/2009,2014,213,Service business/multiple service business or Passenger transportation services
4918299,88 - COMMERCIAL LESSORS,4709672,BENJAMIN BRODY,1000 LINCOLN ROAD LLC BENJAMIN BRODY PRES,"MUNICIPALITIES LOC COMMERCIAL LESSORS, FL 33888 ",LES,COMMERCL/INDUST/OFFICE SPACE,BENJAMIN BRODY,1000 LINCOLN RD # 210,,MIAMI BEACH,FL,33139,4910,Active,Paid In Full,7/9/2013,-- None --,-- None --,305-532-1918,02-3234-002-0080,,-- None --,4/3/2002,2014,192,"Hotels, apartments, motels, etc. or Commercial, industrial or office space"
6020671,20 - PINECREST,5774006,1000 PLACES ENTERPRISES LLC,1000 PLACES ENTERPRISES LLC,"7770 SW 120 ST PINECREST, FL 33156 ",REF,REAL ESTATE FIRM,1000 PLACES ENTERPRISES LLC RAMON ALVAREZ PRES,PO BOX 566198,,MIAMI,FL,33256,1,Active,Paid In Full,9/17/2013,-- None --,-- None --,305-232-2650,20-5015-005-0240,,Home Business,4/24/2006,2014,212,"Professions, professional associations"
5054929,88 - COMMERCIAL LESSORS,4843083,1001 1005 SW 27TH AVE LLC,1001 1005 SW 27TH AVE LLC,"MUNICIPALITIES LOC COMMERCIAL LESSORS, FL 33888 ",LES,COMMERCL/INDUST/OFFICE SPACE,1001 1005 SW 27TH AVE LLC,PO BOX 430827,,MIAMI,FL,33243,53161,Active,Unpaid,,-- None --,-- None --,305-000-0000,01-4110-009-0390,,-- None --,6/17/2002,2014,192,"Hotels, apartments, motels, etc. or Commercial, industrial or office space"
6462774,04 - HIALEAH,6198337,1001 ART DECO INC,1001 ART DECO INC,"3474 WEST 84 ST HIALEAH, FL 33018 ",DLR-WHO,TANGIBLE PERSONAL PROP DLR,1001 ART DECO INC XIAOHANG FENG WU DIR,16706 NW 18 ST,,PEMBROKE PINES,FL,33028,5,Active,Paid In Full,8/16/2013,-- None --,-- None --,305-610-1533,04-2028-063-0040,40-213426,-- None --,3/4/2008,2014,220,Dealer in tangible personal property
4950318,88 - COMMERCIAL LESSORS,4741121,1001 PONCE LLC,1001 PONCE LLC,"MUNICIPALITIES LOC COMMERCIAL LESSORS, FL 33888 ",LES,COMMERCL/INDUST/OFFICE SPACE,1001 PONCE LLC ALAM ALARCON,9401 JOURNEYS END RD,,CORAL GABLES,FL,33156,12180,Active,Unpaid,,-- None --,-- None --,305-000-0000,03-4108-009-1390,,-- None --,4/15/2002,2014,192,"Hotels, apartments, motels, etc. or Commercial, industrial or office space"
4962594,88 - COMMERCIAL LESSORS,4753175,10045 SO DIXIE HWY ASSOCIATES,10045 SO DIXIE HWY ASSOCIATES,"MUNICIPALITIES LOC COMMERCIAL LESSORS, FL 33888 ",LES,COMMERCL/INDUST/OFFICE SPACE,10045 SO DIXIE HWY ASSOCIATES ATTN  DARLENE,6810 N STATE RD 7,,COCONUT CREEK,FL,33073,10663,Active,Paid In Full,7/8/2013,-- None --,-- None --,561-994-8111,20-5002-008-0040,,-- None --,4/18/2002,2014,192,"Hotels, apartments, motels, etc. or Commercial, industrial or office space"
814989,02 - MIAMI BEACH,5542502,1005 PENN LLC,1005 PENN LLC,"1001 PENNSYLVANIA AVE MIAMI BEACH, FL 33139 ",APT,APARTMENTS,1005 PENN LLC BEACH RENTALS/LANCE STEYLER,1330 COLLINS AVE STE #1,,MIAMI BEACH,FL,33139,25,Active,Paid In Full,7/2/2013,-- None --,-- None --,305-528-8000,02-4203-009-0300,,-- None --,8/24/1988,2014,192,"Hotels, apartments, motels, etc. or Commercial, industrial or office space"
4343190,02 - MIAMI BEACH,4158960,MAHOHONEY & CONNOLLY TRUST,1007 BAY DRIVE LLC,"1011 BAY DR MIAMI BEACH, FL 33141 ",APT,APARTMENTS,MAHOHONEY & CONNOLLY TRUST URBAN RESOURCE,PO BOX 403135,,MIAMI BEACH,FL,33141,8,Active,Paid In Full,7/10/2013,-- None --,-- None --,305-403-2424,02-3210-013-0920,,-- None --,9/29/1999,2014,192,"Hotels, apartments, motels, etc. or Commercial, industrial or office space"
6201222,30 - UNIN DADE COUNTY,5944369,STUART C WEINSTOCK,100KWEALTH,"11405 SW 112 ST MIAMI, FL 33176 ",SER-ADV,SERVICE BUSINESS,STUART C WEINSTOCK,11405 SW 112 ST,,MIAMI,FL,33176,1,Active,Paid In Full,7/8/2013,-- None --,-- None --,305-274-5829,30-5007-010-1340,,Home Business,12/28/2006,2014,213,Service business/multiple service business or Passenger transportation services
6732847,01 - MIAMI,6464077,101 EXHIBIT LLC,101 EXHIBIT LLC,"101 NE 40 ST MIAMI, FL 33137 ",DLR-ANT,TANGIBLE PERSONAL PROP DLR,101 EXHIBIT LLC JEROME SHAW MGRM,101 NE 40 ST,,MIAMI,FL,33137,1,Active,Paid In Full,7/30/2013,-- None --,-- None --,305-573-2101,01-3124-027-0110,,-- None --,6/30/2009,2014,220,Dealer in tangible personal property
6895818,14 - SURFSIDE,6625116,101 FILMS INC,101 FILMS INC,"208 90 ST SURFSIDE, FL 33154 ",SER-PHO,SERVICE BUSINESS,101 FILMS INC GLADYS HERNANDEZ,1348 WASHINGTON AVE 130,,MIAMI BEACH,FL,33139,1,Active,Unpaid,,-- None --,-- None --,305-924-6574,14-2235-005-0140,,"Home Business, NSF hold",5/12/2010,2014,213,Service business/multiple service business or Passenger transportation services
6911649,30 - UNIN DADE COUNTY,6640958,INLET INDUSTRIES INC,101 MARINE,"OPERATING IN DADE COUNTY MIAMI, FL 33999 ",SER-MMR,SERVICE BUSINESS,INLET INDUSTRIES INC SAM DARROCH PRES,1015 N K ST,,LAKE WORTH,FL,33460,1,Active,Paid In Full,9/28/2013,-- None --,-- None --,305-000-0000,,,Mobile Business,6/7/2010,2014,213,Service business/multiple service business or Passenger transportation services
7437213,30 - UNIN DADE COUNTY,7159845,AQUAMAR VENTURES INC C/O MELANIE SWEET PRESIDENT,101 MOBILITY OF PALM BEACH,DOING BUSINESS IN DADE COUNTY   ,DLR-SAL,TANGIBLE PERSONAL PROP DLR,AQUAMAR VENTURES INC C/O MELANIE SWEET PRESIDENT,2361 VISTA PKWY 7,,WEST PALM BEACH,FL,33411,3,Active,Paid In Full,9/19/2013,-- None --,-- None --,561-249-7162,,,-- None --,9/13/2013,2014,220,Dealer in tangible personal property
5221387,88 - COMMERCIAL LESSORS,5000401,101 NE 54 ST LLC,101 NE 54 ST LLC,"MUNICIPALITIES LOC COMMERCIAL LESSORS, FL 33888 ",LES,COMMERCL/INDUST/OFFICE SPACE,101 NE 54 ST LLC,3831 LOST SPRINGS DR,,CALABASAS,CA,91301,13227,Active,Paid In Full,9/3/2013,-- None --,-- None --,305-000-0000,01-3113-064-0330,,-- None --,2/10/2003,2014,192,"Hotels, apartments, motels, etc. or Commercial, industrial or office space"
852369,24 - VILLAGE OF KEY BISCAYNE,7050461,101 SUNRISE LLC,101 SUNRISE LLC,"101 SUNRISE DR VILLAGE OF KEY BISCAYNE, FL 33149 ",APT,APARTMENTS,101 SUNRISE LLC,240 CRANDON BLVD STE 250,,KEY BISCAYNE,FL,33149,20,Active,Paid In Full,8/22/2013,-- None --,-- None --,786-360-5149,24-5205-014-0010,,-- None --,8/24/1988,2014,192,"Hotels, apartments, motels, etc. or Commercial, industrial or office space"
6742457,20 - PINECREST,6473219,10101 S DIXIE HWY LLC,10101 S DIXIE HWY LLC,"10101 S DIXIE HWY PINECREST, FL 33156 ",RBO,REAL ESTATE BRANCH OFFICE,10101 S DIXIE HWY LLC THE KEYES COMPANY,2121 SW 3 AVE,,MIAMI,FL,33129,1,Active,Unpaid,,-- None --,-- None --,305-371-3592,20-5002-008-0050,,Enforcement,7/21/2009,2014,212,"Professions, professional associations"
7226285,32 - MIAMI LAKES,6950563,101224 ENTERPRISES INC,101224 ENTERPRISES INC,"5881 NW 151 ST 216 MIAMI LAKES, FL 33014 ",DRY,CLEANER/LAUNDRY/ALTERATIONS,101224 ENTERPRISES INC AGNERYS RODRIGUEZ,5881 NW 151 ST 216,,MIAMI,FL,33014,1,Active,Unpaid,,-- None --,-- None --,954-659-8835,32-2024-015-0230,,"Enforcement, Returned Mail",2/27/2012,2014,213,Service business/multiple service business or Passenger transportation services
1842245,01 - MIAMI,6934559,1015 PROPERTIES LLC,1015 PROPERTIES LLC,"1015 NW 45 AVE MIAMI, FL 33126 ",APT,APARTMENTS,1015 PROPERTIES LLC BARBARA LORENZO PRES,7835 SW 97 CT,,MIAMI,FL,33173,16,Active,Paid In Full,9/12/2013,-- None --,-- None --,305-308-5135,01-3132-009-0330,,-- None --,8/24/1988,2014,192,"Hotels, apartments, motels, etc. or Commercial, industrial or office space"
804014,02 - MIAMI BEACH,804014,MULTICREDITO INTERNATIONAL LLC,1017 JEFFERSON AVE LLC,"1017 JEFFERSON AVE MIAMI BEACH, FL 33139 ",APT,APARTMENTS,MULTICREDITO INTERNATIONAL LLC HERVE BARBERA,701 BRICKELL AVE # 2040,,MIAMI,FL,33139,23,Active,Paid In Full,10/16/2013,-- None --,-- None --,305-759-1195,02-4203-009-4310,,-- None --,8/24/1988,2014,192,"Hotels, apartments, motels, etc. or Commercial, industrial or office space"
812736,02 - MIAMI BEACH,2846484,1018 JEFFERSON LLC  C/O THOMAS E HILL MGR,1018 JEFFERSON LLC,"1018 JEFFERSON AVE MIAMI BEACH, FL 33139 ",APT,APARTMENTS,1018 JEFFERSON LLC  C/O THOMAS E HILL MGR,4909 LACLEDE AVE #2401,,ST. LOUIS,MO,63108,9,Active,Paid In Full,8/7/2013,-- None --,-- None --,,02-4203-009-6880,10-355506,-- None --,8/24/1988,2014,192,"Hotels, apartments, motels, etc. or Commercial, industrial or office space"
796202,01 - MIAMI,796202,1020 APARTMENTS LLC,1020 APARTMENTS LLC,"1020 NW 45 AVE MIAMI, FL 33126 ",APT,APARTMENTS,1020 APARTMENTS LLC CHARLES GUERRA  MANAGER,7891 W FLAGLER ST  #306,,MIAMI,FL,33144,38,Active,Paid In Full,9/20/2013,-- None --,-- None --,305-000-0000,01-3132-009-0290,40-172228,-- None --,8/24/1988,2014,192,"Hotels, apartments, motels, etc. or Commercial, industrial or office space"
4920733,88 - COMMERCIAL LESSORS,4712114,1021 LINCOLN RD LTD,1021 LINCOLN RD LTD,"MUNICIPALITIES LOC COMMERCIAL LESSORS, FL 33888 ",LES,COMMERCL/INDUST/OFFICE SPACE,1021 LINCOLN RD LTD,523 MICHIGAN AVE,,MIAMI BCH,FL,33139,12411,Active,Paid In Full,7/9/2013,-- None --,-- None --,305-673-2948,02-3234-018-0060,,-- None --,4/4/2002,2014,192,"Hotels, apartments, motels, etc. or Commercial, industrial or office space"
5238878,88 - COMMERCIAL LESSORS,5017306,1022 E 33 STREET LLC,1022 E 33 STREET LLC,"MUNICIPALITIES LOC COMMERCIAL LESSORS, FL 33888 ",LES,COMMERCL/INDUST/OFFICE SPACE,1022 E 33 STREET LLC,6300 NW 72 AVE,,MIAMI,FL,33166,10266,Active,Paid In Full,7/18/2013,-- None --,-- None --,305-000-0000,04-3108-001-7710,,-- None --,2/25/2003,2014,192,"Hotels, apartments, motels, etc. or Commercial, industrial or office space"
811506,02 - MIAMI BEACH,811506,1024 1026 PENN LLC,1024 1026 PENN LLC,"1024 PENNSYLVANIA AVE MIAMI BEACH, FL 33139 ",APT,APARTMENTS,1024 1026 PENN LLC BEACH RENTALS,1330 COLLINS AVE STE #1,,MIAMI BEACH,FL,33139,11,Active,Paid In Full,7/2/2013,-- None --,-- None --,305-528-8000,02-4203-009-1150,,-- None --,8/24/1988,2014,192,"Hotels, apartments, motels, etc. or Commercial, industrial or office space"
5226204,88 - COMMERCIAL LESSORS,5005038,1024 LINCOLN ROAD LLC,1024 LINCOLN ROAD LLC,"MUNICIPALITIES LOC COMMERCIAL LESSORS, FL 33888 ",LES,COMMERCL/INDUST/OFFICE SPACE,1024 LINCOLN ROAD LLC,1407 BROADWAY 41ST FLOOR,,NEW YORK,NY,10018,15552,Active,Paid In Full,8/20/2013,-- None --,-- None --,305-000-0000,02-3234-002-0090,,-- None --,2/13/2003,2014,192,"Hotels, apartments, motels, etc. or Commercial, industrial or office space"
820093,02 - MIAMI BEACH,820093,1025 MERIDIAN AVE LLC C/O HERVE BARBERA MANAGER,1025 MERIDIAN AVE LLC,"1025 MERIDIAN AVE MIAMI BEACH, FL 33139 ",APT,APARTMENTS,1025 MERIDIAN AVE LLC C/O HERVE BARBERA MANAGER,701 BRICKELL AVE 2040,,MIAMI,FL,33131,16,Active,Paid In Full,10/16/2013,-- None --,-- None --,305-538-0135,02-4203-009-3830,40-248588,-- None --,8/24/1988,2014,192,"Hotels, apartments, motels, etc. or Commercial, industrial or office space"
2544550,01 - MIAMI,2422582,JUAN C GOMEZ,1029 APTS,"1029 NW 1 ST MIAMI, FL 33128 ",APT,APARTMENTS,JUAN C GOMEZ,2301 SW 16 CT,,MIAMI,FL,33145,5,Active,Paid In Full,9/13/2013,-- None --,-- None --,305-854-1436,01-4102-005-2340,,-- None --,4/26/1991,2014,192,"Hotels, apartments, motels, etc. or Commercial, industrial or office space"
5045000,88 - COMMERCIAL LESSORS,4833670,103 COMMERCE PARK LLC,103 COMMERCE PARK LLC,"MUNICIPALITIES LOC COMMERCIAL LESSORS, FL 33888 ",LES,COMMERCL/INDUST/OFFICE SPACE,103 COMMERCE PARK LLC,9550 NW 79 AVE SUITE 10,,HIALEAH GARDENS,FL,33016,93361,Active,Unpaid,,-- None --,-- None --,305-461-4950,27-3003-001-0107,,-- None --,6/5/2002,2014,192,"Hotels, apartments, motels, etc. or Commercial, industrial or office space"
3351798,04 - HIALEAH,3217155,103 USED AUTO PARTS INC,103 PAINT & BODY SHOP,"4895 E 10 CT HIALEAH, FL 33013 ",BOD,BODY / PAINT / REPAIR SHOP,103 USED AUTO PARTS INC VICENTE HERNANDEZ PRES,4895 E 10 CT,,HIALEAH,FL,33013,1,Active,Paid In Full,7/11/2013,-- None --,-- None --,305-687-8527,04-3105-001-0980,,-- None --,8/26/1994,2014,213,Service business/multiple service business or Passenger transportation services
856709,30 - UNIN DADE COUNTY,5427505,103 SILVER BLUE LAKE APTS LLC,103 SILVER BLUE LAKE APARTMENTS LLC,"1401 NW 103 ST MIAMI, FL 33147 ",APT,APARTMENTS,103 SILVER BLUE LAKE APTS LLC ZVI SHIFF MGR,1401 NW 103 ST 138,,MIAMI,FL,33147,239,Active,Unpaid,,-- None --,-- None --,305-693-0122,30-2135-000-0136,,-- None --,8/24/1988,2014,192,"Hotels, apartments, motels, etc. or Commercial, industrial or office space"
5688214,04 - HIALEAH,3217163,103 USED AUTO PARTS CORP,103 USED AUTO PARTS CORP,"4895 E 10 CT HIALEAH, FL 33013 ",TOW,TOWING TRUCK,103 USED AUTO PARTS CORP VICENTE HERNANDEZ PRES,4895 E 10 CT,,HIALEAH,FL,33013,1,Active,Paid In Full,7/11/2013,-- None --,-- None --,305-687-8527,04-3105-001-0980,,-- None --,11/30/2004,2014,213,Service business/multiple service business or Passenger transportation services
3351780,04 - HIALEAH,3217163,103 USED AUTO PARTS CORP,103 USED AUTO PARTS CORP,"4895 E 10 CT HIALEAH, FL 33013 ",JYD,JUNK DEALER / JUNK YARD,103 USED AUTO PARTS CORP VICENTE HERNANDEZ PRES,4895 E 10 CT,,HIALEAH,FL,33013,,Active,Paid In Full,7/11/2013,-- None --,-- None --,305-687-8527,04-3105-001-0980,,-- None --,8/26/1994,2014,203,Junk dealers
6570908,04 - HIALEAH,6304778,103 USED AUTO PARTS INC,103 USED AUTO PARTS INC,"4698 E 10 LA HIALEAH, FL 33013 ",SER-WAR,SERVICE BUSINESS,103 USED AUTO PARTS INC VICENTE HERNANDEZ PRES,4895 E 10 CT,,HIALEAH,FL,33013,1,Active,Paid In Full,7/11/2013,-- None --,-- None --,305-687-8527,04-3105-001-1770,,-- None --,9/24/2008,2014,213,Service business/multiple service business or Passenger transportation services
6570882,04 - HIALEAH,6304752,103 USED AUTO PARTS INC,103 USED AUTO PARTS INC,"4860 E 10 LA HIALEAH, FL 33013 ",AUT,AUTO / TRUCK / VAN SERVICE,103 USED AUTO PARTS INC VICENTE HERNANDEZ PRES,4895 E 10 CT,,HIALEAH,FL,33013,1,Active,Paid In Full,7/11/2013,-- None --,-- None --,305-687-8527,04-2132-013-0440,,-- None --,9/24/2008,2014,213,Service business/multiple service business or Passenger transportation services
6570965,04 - HIALEAH,6304836,103 USED AUTO PARTS INC,103 USED AUTO PARTS INC,"4839 E 10 LA HIALEAH, FL 33013 ",SER-WAR,SERVICE BUSINESS,103 USED AUTO PARTS INC VICENTE HERNANDEZ PRES,4895 E 10 CT,,HIALEAH,FL,33013,1,Active,Paid In Full,7/11/2013,-- None --,-- None --,305-687-8527,04-2132-013-0440,,-- None --,9/24/2008,2014,213,Service business/multiple service business or Passenger transportation services
6570932,04 - HIALEAH,6304802,103 USED AUTO PARTS INC,103 USED AUTO PARTS INC,"4841 E 10 LA HIALEAH, FL 33013 ",SER-WAR,SERVICE BUSINESS,103 USED AUTO PARTS INC VICENTE HERNANDEZ PRES,4895 E 10 CT,,HIALEAH,FL,33013,1,Active,Paid In Full,7/11/2013,-- None --,-- None --,305-687-8527,04-2132-013-0440,,-- None --,9/24/2008,2014,213,Service business/multiple service business or Passenger transportation services
6570957,04 - HIALEAH,6304828,103 USED AUTO PARTS INC,103 USED AUTO PARTS INC,"4843 E 10 LA HIALEAH, FL 33013 ",SER-WAR,SERVICE BUSINESS,103 USED AUTO PARTS INC VICENTE HERNANDEZ PRES,4895 E 10 CT,,HIALEAH,FL,33013,1,Active,Paid In Full,7/11/2013,-- None --,-- None --,305-687-8527,04-3105-004-0330,,-- None --,9/24/2008,2014,213,Service business/multiple service business or Passenger transportation services
6570940,04 - HIALEAH,6304810,103 USED AUTO PARTS INC,103 USED AUTO PARTS INC,"4835 E 10 LA HIALEAH, FL 33013 ",SER-WAR,SERVICE BUSINESS,103 USED AUTO PARTS INC VICENTE HERNANDEZ PRES,4895 E 10 CT,,HIALEAH,FL,33013,1,Active,Paid In Full,7/11/2013,-- None --,-- None --,305-687-8527,04-3105-001-1770,,-- None --,9/24/2008,2014,213,Service business/multiple service business or Passenger transportation services
6570973,04 - HIALEAH,6304844,103 USED AUTO PARTS INC,103 USED AUTO PARTS INC,"4845 E 10 LA HIALEAH, FL 33013 ",SER-WAR,SERVICE BUSINESS,103 USED AUTO PARTS INC VICENTE HERNANDEZ PRES,4895 E 10 CT,,HIALEAH,FL,33013,1,Active,Paid In Full,7/11/2013,-- None --,-- None --,305-687-8527,04-2132-013-0440,,-- None --,9/24/2008,2014,213,Service business/multiple service business or Passenger transportation services
6570924,04 - HIALEAH,6304794,103 USED AUTO PARTS INC,103 USED AUTO PARTS INC,"4837 E 10 LA HIALEAH, FL 33013 ",SER-WAR,SERVICE BUSINESS,103 USED AUTO PARTS INC VICENTE HERNANDEZ PRES,4895 E 10 CT,,HIALEAH,FL,33013,1,Active,Paid In Full,7/11/2013,-- None --,-- None --,305-687-8527,04-3105-001-1770,,-- None --,9/24/2008,2014,213,Service business/multiple service business or Passenger transportation services
766171,01 - MIAMI,766171,1032 41 NE 78 RD LLC,1032 41 NE 78 RD LLC,"1041 NE 78 RD MIAMI, FL 33138 ",APT,APARTMENTS,1032 41 NE 78 RD LLC,531 SW 42 AVE #116,,MIAMI,FL,33134,10,Active,Paid In Full,9/27/2013,-- None --,-- None --,305-756-2892,01-3208-008-0370,,-- None --,8/24/1988,2014,192,"Hotels, apartments, motels, etc. or Commercial, industrial or office space"
769548,01 - MIAMI,769548,1032 41 NE 78 ROAD LLC  C/O COINCO INVESTMENT CO INC,1032 41 NE 78 ROAD LLC,"1020 NE 78 RD MIAMI, FL 33138 ",APT,APARTMENTS,1032 41 NE 78 ROAD LLC  C/O COINCO INVESTMENT CO INC,531 SW 42 AVE  #116,,MIAMI,FL,33134,6,Active,Paid In Full,9/3/2013,-- None --,-- None --,,,,-- None --,8/24/1988,2014,192,"Hotels, apartments, motels, etc. or Commercial, industrial or office space"
6413256,02 - MIAMI BEACH,6149801,1032 MICHIGAN LLC,1032 MICHIGAN LLC,"1329 ALTON RD MIAMI BEACH, FL 33139 ",SER-MAN,SERVICE BUSINESS,1032 MICHIGAN LLC ERIC HARARI MANAGER,1329 ALTON RD,,MIAMI BEACH,FL,33139,1,Active,Paid In Full,8/30/2013,-- None --,-- None --,305-673-3948,02-4203-009-8900,,-- None --,12/17/2007,2014,213,Service business/multiple service business or Passenger transportation services
809542,02 - MIAMI BEACH,809542,1034 PENN AVE LLC,1034 PENN AVE LLC,"1034 PENNSYLVANIA AVE MIAMI BEACH, FL 33139 ",APT,APARTMENTS,1034 PENN AVE LLC LIU LILIAN MGR,275 N COCONUT LANE,,MIAMI,FL,33139,16,Active,Paid In Full,7/2/2013,-- None --,-- None --,305-000-0000,02-4203-009-1141,40-155980,-- None --,8/24/1988,2014,192,"Hotels, apartments, motels, etc. or Commercial, industrial or office space"
6564786,02 - MIAMI BEACH,6298822,1035 EUCLID ASSOCIATES LLC,1035 EUCLID ASSOCIATES LLC,"1035 EUCLID AVE MIAMI BEACH, FL 33139 ",APT,APARTMENTS,1035 EUCLID ASSOCIATES LLC RAND,265 POST ROAD WEST,,WESTPORT,CT,6880,16,Active,Paid In Full,8/12/2013,-- None --,-- None --,203-226-8727,02-4203-009-1230,,-- None --,9/12/2008,2014,192,"Hotels, apartments, motels, etc. or Commercial, industrial or office space"
4915626,88 - COMMERCIAL LESSORS,4707031,1035 LINCOLN RD LTD,1035 LINCOLN RD LTD,"MUNICIPALITIES LOC COMMERCIAL LESSORS, FL 33888 ",LES,COMMERCL/INDUST/OFFICE SPACE,1035 LINCOLN RD LTD %FRYD RENTAL PROPERTIES,523 MICHIGAN AVE,,MIAMI BEACH,FL,33139,14320,Active,Paid In Full,7/9/2013,-- None --,-- None --,305-673-2948,02-3234-018-0040,,-- None --,4/2/2002,2014,192,"Hotels, apartments, motels, etc. or Commercial, industrial or office space"
2200319,01 - MIAMI,2092435,1035 PROPERTY LLC,1035 PROPERTIE,"1035 SW 4 ST MIAMI, FL 33130 ",APT,APARTMENTS,1035 PROPERTY LLC,719 ALEDO AVE,,CORAL GABLES,FL,33134,8,Active,Paid In Full,7/15/2013,-- None --,-- None --,305-282-5593,01-4102-005-3840,31-003145,Enforcement,8/4/1989,2014,192,"Hotels, apartments, motels, etc. or Commercial, industrial or office space"
803339,02 - MIAMI BEACH,803339,MAJESTIC CO,1036 APARTMENTS,"1036 DREXEL AVE MIAMI BEACH, FL 33139 ",APT,APARTMENTS,MAJESTIC CO,1024 WASHINGTON AVE,,MIAMI BEACH,FL,33139,18,Active,Unpaid,,-- None --,-- None --,305-534-1119,,,-- None --,8/24/1988,2014,192,"Hotels, apartments, motels, etc. or Commercial, industrial or office space"
4930526,88 - COMMERCIAL LESSORS,4721750,1036 NORTH MIAMI AVE LLC,1036 NORTH MIAMI AVE LLC,"MUNICIPALITIES LOC COMMERCIAL LESSORS, FL 33888 ",LES,COMMERCL/INDUST/OFFICE SPACE,1036 NORTH MIAMI AVE LLC,1 STEVENS RD #1,,WALLINSTON,NJ,7057,12197,Active,Unpaid,,-- None --,-- None --,,01-0101-070-1030,,Social Security or Federal Employer ID #,4/9/2002,2014,192,"Hotels, apartments, motels, etc. or Commercial, industrial or office space"
7043680,13 - BAY HARBOR ISLANDS,6770235,1039 KANE INC,1039 KANE INC,"1039 96 ST BAY HARBOR ISLANDS, FL 33154 ",RET-STR,RETAIL SALES,1039 KANE INC,1039 96 ST,,BAL HARBOUR,FL,33154,2,Active,Paid In Full,7/31/2013,-- None --,-- None --,954-558-7703,13-2227-001-2270,,-- None --,3/2/2011,2014,214,Retail sales
2299949,30 - UNIN DADE COUNTY,2187110,103RD ST INC,103RD ST INC,"3500 NW 103 ST MIAMI, FL 33147 ",SER-INS,SERVICE BUSINESS,103RD ST INC BENIGNO MESA JR,3500 NW 103 ST,,MIAMI,FL,33147,2,Active,Paid In Full,7/11/2013,-- None --,-- None --,305-691-5077,30-3104-005-0200,,NSF hold,2/22/1990,2014,213,Service business/multiple service business or Passenger transportation services
2299931,30 - UNIN DADE COUNTY,2187110,103RD ST INC,103RD ST INC,"3500 NW 103 ST MIAMI, FL 33147 ",RET-STR,RETAIL SALES,103RD ST INC BENIGNO MESA JR,3500 NW 103 ST,,MIAMI,FL,33147,2,Active,Paid In Full,7/11/2013,-- None --,-- None --,305-691-5077,30-3104-005-0200,,NSF hold,2/22/1990,2014,214,Retail sales
904335,02 - MIAMI BEACH,4531944,1040 EUCLID AVENUE CORPORATION,1040 EUCLID AVENUE CORPORATION,"1040 EUCLID AVE MIAMI BEACH, FL 33139 ",APT,APARTMENTS,1040 EUCLID AVENUE CORPORATION NOEMI PONS PRES,3420 SW 117 COURT,,MIAMI,FL,33175,24,Active,Paid In Full,8/8/2013,-- None --,-- None --,305-554-1062,02-4203-009-3730,,-- None --,8/24/1988,2014,192,"Hotels, apartments, motels, etc. or Commercial, industrial or office space"
796285,01 - MIAMI,796285,1040 NW 4TH ST LLC,1040 NW 4TH ST LLC,"1040 NW 4 ST MIAMI, FL 33128 ",APT,APARTMENTS,1040 NW 4TH ST LLC COINCO INVESTMENT COMPANY INC,531 SW 42 AVE SUITE 116,,MIAMI,FL,33134,28,Active,Paid In Full,9/27/2013,-- None --,-- None --,305-448-6265,01-4102-005-1350,40-115934,-- None --,8/24/1988,2014,192,"Hotels, apartments, motels, etc. or Commercial, industrial or office space"
799891,01 - MIAMI,5371646,1040 SGR INC,1040 SGR INC,"340 SW 5 AVE MIAMI, FL 33130 ",APT,APARTMENTS,1040 SGR INC ROLANDO PENATE PRES,8510 SW 4 ST,,MIAMI BEACH,FL,33144,27,Active,Paid In Full,8/27/2013,-- None --,-- None --,305-000-0000,01-0202-050-1240,40-172237,-- None --,8/24/1988,2014,192,"Hotels, apartments, motels, etc. or Commercial, industrial or office space"
5912358,01 - MIAMI,5668398,1040 SGR INC C/O ROLANDO PENATE PRESIDENT,1040 SGR INC,"1040 SPRING GARDEN RD MIAMI, FL 33136 ",APT,APARTMENTS,1040 SGR INC C/O ROLANDO PENATE PRESIDENT,8510 SW 4 ST,,MIAMI,FL,33144,24,Active,Paid In Full,9/26/2013,-- None --,-- None --,305-000-0000,01-3135-007-0040,,-- None --,11/10/2005,2014,192,"Hotels, apartments, motels, etc. or Commercial, industrial or office space"
4913795,88 - COMMERCIAL LESSORS,4705274,1041 LUDLAM INC,1041 LUDLAM INC,"MUNICIPALITIES LOC COMMERCIAL LESSORS, FL 33888 ",LES,COMMERCL/INDUST/OFFICE SPACE,1041 LUDLAM INC,1041 SW 67 AVE,,MIAMI,FL,33144,2515,Active,Paid In Full,7/5/2013,-- None --,-- None --,305-264-9982,15-4012-044-0150,,-- None --,4/2/2002,2014,192,"Hotels, apartments, motels, etc. or Commercial, industrial or office space"
3282563,01 - MIAMI,3144516,1042 ADRIANA LLC,1042 ADRIANA LLC,"1042 NW 5 ST MIAMI, FL 33128 ",APT,APARTMENTS,1042 ADRIANA LLC,PO BOX 163255,,MIAMI,FL,33116,6,Active,Paid In Full,8/16/2013,-- None --,-- None --,305-383-2551,01-4102-005-0740,,-- None --,4/27/1994,2014,192,"Hotels, apartments, motels, etc. or Commercial, industrial or office space"
782822,01 - MIAMI,782822,1050 APARTMENT BUILDING LLC,1050 APARTMENT BUILDING LLC,"1050 NW 44 AVE MIAMI, FL 33126 ",APT,APARTMENTS,1050 APARTMENT BUILDING LLC ALEXIS IZQUIERDO,102 E 49 ST,,HIALEAH,FL,33013,31,Active,Paid In Full,7/16/2013,-- None --,-- None --,305-826-9994,01-3132-009-0430,,-- None --,8/24/1988,2014,192,"Hotels, apartments, motels, etc. or Commercial, industrial or office space"
774571,01 - MIAMI,5321096,1050 HAVANA LLC,1050 HAVANA LLC,"1050 NW 2 ST MIAMI, FL 33128 ",APT,APARTMENTS,1050 HAVANA LLC,300 MERIDIAN AVE #6,,MIAMI BEACH,FL,33139,24,Active,Unpaid,,-- None --,-- None --,305-000-0000,01-4102-005-2240,,-- None --,8/24/1988,2014,192,"Hotels, apartments, motels, etc. or Commercial, industrial or office space"
4978798,88 - COMMERCIAL LESSORS,4769007,1050 LLC,1050 LLC,"MUNICIPALITIES LOC COMMERCIAL LESSORS, FL 33888 ",LES,COMMERCL/INDUST/OFFICE SPACE,1050 LLC,1060 KANE CONCOURSE,,BAY HARBOR ISLANDS,FL,33154,3923,Active,Paid In Full,7/15/2013,-- None --,-- None --,305-000-0000,13-2227-001-2440,,-- None --,4/20/2002,2014,192,"Hotels, apartments, motels, etc. or Commercial, industrial or office space"
777707,01 - MIAMI,777707,1054 MONICA LLC,1054 MONICA LLC,"1054 NW 5 ST MIAMI, FL 33128 ",APT,APARTMENTS,1054 MONICA LLC ARTURO S MUINA PRES,PO BOX 163255,,MIAMI,FL,33116,6,Active,Paid In Full,8/16/2013,-- None --,-- None --,786-200-5255,01-4102-005-0750,40-097748,-- None --,8/24/1988,2014,192,"Hotels, apartments, motels, etc. or Commercial, industrial or office space"
4984408,88 - COMMERCIAL LESSORS,4774551,1055 NE 125 LLC,1055 NE 125 LLC,"MUNICIPALITIES LOC COMMERCIAL LESSORS, FL 33888 ",LES,COMMERCL/INDUST/OFFICE SPACE,1055 NE 125 LLC,PO BOX 456752,,SURFSIDE,FL,33154,2394,Active,Paid In Full,7/18/2013,-- None --,-- None --,305-000-0000,06-2229-034-0190,,-- None --,4/22/2002,2014,192,"Hotels, apartments, motels, etc. or Commercial, industrial or office space"
4953130,88 - COMMERCIAL LESSORS,4743887,106 KNICKERBROKER AVE LLC,106 KNICKERBROKER AVE LLC,"MUNICIPALITIES LOC COMMERCIAL LESSORS, FL 33888 ",LES,COMMERCL/INDUST/OFFICE SPACE,106 KNICKERBROKER AVE LLC 1081 FLUSHING AVE LLC,6 REED DR,,ROSLYN,NY,11576,20102,Active,Paid In Full,7/9/2013,-- None --,-- None --,305-000-0000,02-3222-019-0050,,Corporate Documents,4/16/2002,2014,192,"Hotels, apartments, motels, etc. or Commercial, industrial or office space"
834359,04 - HIALEAH,6043111,1065 1079 WEST 29TH STREET LLC,1065 1079 WEST 29TH STREET LLC,"1065 W 29 ST HIALEAH, FL 33012 ",APT,APARTMENTS,1065 1079 WEST 29TH STREET LLC CARLOS GARCIA,PO BOX 402566,,MIAMI BCH,FL,33140,24,Active,Unpaid,,-- None --,-- None --,305-556-3770,04-3012-016-0410,,-- None --,8/24/1988,2014,192,"Hotels, apartments, motels, etc. or Commercial, industrial or office space"
2447357,01 - MIAMI,2328508,1065 INVESTMENT INC,1065 INVESTMENT INC,"1061 NW 29 ST MIAMI, FL 33127 ",APT,APARTMENTS,1065 INVESTMENT INC OLGA M NEGRON PRES,3028 NW 13 ST,,MIAMI,FL,33125,32,Active,Paid In Full,7/9/2013,-- None --,-- None --,305-633-3059,01-3126-036-1150,19-667929,-- None --,10/26/1990,2014,192,"Hotels, apartments, motels, etc. or Commercial, industrial or office space"
4913233,88 - COMMERCIAL LESSORS,4704715,1065 LLP,1065 LLP,"MUNICIPALITIES LOC COMMERCIAL LESSORS, FL 33888 ",LES,COMMERCL/INDUST/OFFICE SPACE,1065 LLP ROBERTA SEGAL MGER,1065 NE 125 ST #405,,NORTH MIAMI,FL,33161,25817,Active,Paid In Full,7/22/2013,-- None --,-- None --,305-899-1065,06-2229-034-0400,,-- None --,4/1/2002,2014,192,"Hotels, apartments, motels, etc. or Commercial, industrial or office space"
4942109,88 - COMMERCIAL LESSORS,4733144,1068 WEST FLAGLER INC,1068 WEST FLAGLER INC,"MUNICIPALITIES LOC COMMERCIAL LESSORS, FL 33888 ",LES,COMMERCL/INDUST/OFFICE SPACE,1068 WEST FLAGLER INC LUNA ALBALAH  V PRES,1068 W FLAGLER ST,,MIAMI,FL,33130,4459,Active,Paid In Full,9/26/2013,-- None --,-- None --,305-324-8177,01-4102-005-2930,,-- None --,4/11/2002,2014,192,"Hotels, apartments, motels, etc. or Commercial, industrial or office space"
5006846,88 - COMMERCIAL LESSORS,4796224,1075 HOLDINGS INC,1075 HOLDINGS INC,"MUNICIPALITIES LOC COMMERCIAL LESSORS, FL 33888 ",LES,COMMERCL/INDUST/OFFICE SPACE,1075 HOLDINGS INC EMIL DORTA,7721 SW 118 PL,,MIAMI,FL,33183,80010,Active,Paid In Full,8/9/2013,-- None --,-- None --,305-596-9339,04-3117-000-0144,,-- None --,5/3/2002,2014,192,"Hotels, apartments, motels, etc. or Commercial, industrial or office space"
5083464,30 - UNIN DADE COUNTY,4870821,10800 BISCAYNE HOLDINGS LLC,10800 BISCAYNE HOLDINGS LLC,"UNINCORPORATED LOC MIAMI, FL 99999 ",LES,COMMERCL/INDUST/OFFICE SPACE,10800 BISCAYNE HOLDINGS LLC RUDD LEVI,PO BOX 402401,,MIAMI BEACH,FL,33140,158807,Active,Paid In Full,8/7/2013,-- None --,-- None --,305-891-1246,30-2232-011-0020,,-- None --,7/30/2002,2014,192,"Hotels, apartments, motels, etc. or Commercial, industrial or office space"
4937257,88 - COMMERCIAL LESSORS,4728342,10910 CORPORATION,10910 CORPORATION,"MUNICIPALITIES LOC COMMERCIAL LESSORS, FL 33888 ",LES,COMMERCL/INDUST/OFFICE SPACE,10910 CORPORATION SALTZMAN,10543 SW 129 PL,,MIAMI,FL,33186,10184,Active,Paid In Full,7/3/2013,-- None --,-- None --,305-385-2175,22-2033-001-0411,,-- None --,4/10/2002,2014,192,"Hotels, apartments, motels, etc. or Commercial, industrial or office space"
5185798,30 - UNIN DADE COUNTY,4966330,1097 LEJEUNE INVESTMENTS INC,1097 LEJEUNE INVESTMENTS INC,"UNINCORPORATED LOC MIAMI, FL 99999 ",LES,COMMERCL/INDUST/OFFICE SPACE,1097 LEJEUNE INVESTMENTS INC,1097 LE JEUNE RD,,CORAL GABLES,FL,33134,15347,Active,Paid In Full,8/2/2013,-- None --,-- None --,305-000-0000,30-4108-000-0010,,-- None --,12/26/2002,2014,192,"Hotels, apartments, motels, etc. or Commercial, industrial or office space"
7398027,01 - MIAMI,7120421,R TRADING CORP,10TH AVE FOOD MARKET,"1003 NW 62 ST MIAMI, FL 33150 ",RET-STR,RETAIL SALES,R TRADING CORP RAED UTHMAN,1003 NW 62 ST,,MIAMI,FL,33150,2,Active,Paid In Full,7/15/2013,-- None --,-- None --,646-294-1349,01-3114-025-0070,,-- None --,3/18/2013,2014,214,Retail sales
7071988,07 - NORTH MIAMI BEACH,6798319,10TH AVE MINI MARKET AND DELI,10TH AVE MINI MARKET AND DELI CORP,"16678 NE 10 AVE NORTH MIAMI BEACH, FL 33162 ",RET-STR,RETAIL SALES,10TH AVE MINI MARKET AND DELI FRANKLIN DIAZ,16678 NE 10 AVE,,N MIAMI BEACH,FL,33162,1,Active,Paid In Full,9/30/2013,-- None --,-- None --,305-000-0000,07-2217-013-0140,,-- None --,4/14/2011,2014,214,Retail sales
771700,01 - MIAMI,771700,11 AVENUE APARTMENTS LLC,11 AVENUE APARTMENTS LLC,"301 SW 11 AVE MIAMI, FL 33130 ",APT,APARTMENTS,11 AVENUE APARTMENTS LLC YVETTE SEDENO MANAGER,PO BOX 56-6622,,MIAMI,FL,33256,12,Active,Paid In Full,7/11/2013,-- None --,-- None --,305-251-8073,01-4102-005-3790,40-152379,-- None --,8/24/1988,2014,192,"Hotels, apartments, motels, etc. or Commercial, industrial or office space"
4989183,30 - UNIN DADE COUNTY,4779220,110 BISCAYNE REALTY LLC,110 BISCAYNE REALTY LLC,"UNINCORPORATED LOC MIAMI, FL 99999 ",LES,COMMERCL/INDUST/OFFICE SPACE,110 BISCAYNE REALTY LLC RUDD & RUDD LLC,5151 FISHER ISLAND DR,,FISHER ISLAND,FL,33109,1473,Active,Unpaid,,-- None --,-- None --,514-000-0000,30-2232-006-0020,,-- None --,4/23/2002,2014,192,"Hotels, apartments, motels, etc. or Commercial, industrial or office space"
4989472,30 - UNIN DADE COUNTY,4779519,110 BISCAYNE REALTY LLC,110 BISCAYNE REALTY LLC,"UNINCORPORATED LOC MIAMI, FL 99999 ",LES,COMMERCL/INDUST/OFFICE SPACE,110 BISCAYNE REALTY LLC RUDD & RUDD LLC,5151 FISHER ISLAND DR,,FISHER ISLAND,FL,33109,7743,Active,Unpaid,,-- None --,-- None --,305-000-0000,30-2232-010-1230,,-- None --,4/23/2002,2014,192,"Hotels, apartments, motels, etc. or Commercial, industrial or office space"
4922465,88 - COMMERCIAL LESSORS,4713781,110 E FLAGLER ST INC,110 E FLAGLER ST INC,"MUNICIPALITIES LOC COMMERCIAL LESSORS, FL 33888 ",LES,COMMERCL/INDUST/OFFICE SPACE,110 E FLAGLER ST INC,4380 NORTH BAY RD,,MIAMI BEACH,FL,33140,18122,Active,Paid In Full,7/5/2013,-- None --,-- None --,305-219-2854,01-0112-010-1100,,-- None --,4/5/2002,2014,192,"Hotels, apartments, motels, etc. or Commercial, industrial or office space"
6916838,11 - MIAMI SHORES,6646120,1101 MIAMI SHORES LLC,1101 MIAMI SHORES LLC,"9699 NE 2 AVE MIAMI SHORES, FL 33138 ",SER-MAN,SERVICE BUSINESS,1101 MIAMI SHORES LLC LANCE A HARKE MGR,9699 NE 2 AVE,,MIAMI SHORES,FL,33138,1,Active,Paid In Full,9/16/2013,-- None --,-- None --,305-536-8220,11-3206-013-4050,,-- None --,6/17/2010,2014,213,Service business/multiple service business or Passenger transportation services
4936689,30 - UNIN DADE COUNTY,4727815,11010 LAND COMPANY LLC,11010 LAND COMPANY LLC,"UNINCORPORATED LOC MIAMI, FL 99999 ",LES,COMMERCL/INDUST/OFFICE SPACE,11010 LAND COMPANY LLC SALOMON GOLD  PRES,1177 KANE CONCOURSE  #218,,BAL HARBOUR ISLANDS,FL,33154,132444,Active,Paid In Full,8/22/2013,-- None --,-- None --,305-374-5516,30-2135-000-0230,,-- None --,4/10/2002,2014,192,"Hotels, apartments, motels, etc. or Commercial, industrial or office space"
4977832,88 - COMMERCIAL LESSORS,4768090,1108 CONCOURSE LC,1108 CONCOURSE LC,"MUNICIPALITIES LOC COMMERCIAL LESSORS, FL 33888 ",LES,COMMERCL/INDUST/OFFICE SPACE,1108 CONCOURSE LC,1124 KANE CONCOURSE,,BAY HARBOR ISLANDS,FL,33154,31732,Active,Paid In Full,7/9/2013,-- None --,-- None --,305-233-1130,13-2227-001-3410,,-- None --,4/20/2002,2014,192,"Hotels, apartments, motels, etc. or Commercial, industrial or office space"
4936655,88 - COMMERCIAL LESSORS,4727781,111 NE 40 ST LLC,111 NE 40 ST LLC,"MUNICIPALITIES LOC COMMERCIAL LESSORS, FL 33888 ",LES,COMMERCL/INDUST/OFFICE SPACE,111 NE 40 ST LLC NEIL ROSEN PRES,151 NE 40 ST,,MIAMI,FL,33137,4250,Active,Unpaid,,-- None --,-- None --,305-576-5900,01-3124-027-0100,,-- None --,4/10/2002,2014,192,"Hotels, apartments, motels, etc. or Commercial, industrial or office space"
5572079,01 - MIAMI,5334743,1110 BRICKELL CONDO ASSOC INC,1110 BRICKELL CONDO ASSOCIATION INC,"1110 BRICKELL AVE 316 MIAMI, FL 33131 ",SER-MAN,SERVICE BUSINESS,1110 BRICKELL CONDO ASSOC INC NELSON SLOSBERGAS  PRES,1110 BRICKELL AVE  #316,,MIAMI,FL,33131,1,Active,Paid In Full,7/18/2013,-- None --,-- None --,305-000-0000,01-4139-091-0550,,-- None --,6/2/2004,2014,213,Service business/multiple service business or Passenger transportation services
4930427,88 - COMMERCIAL LESSORS,4721651,1111 BRICKELL OFFICE LLC,1111 BRICKELL OFFICE LLC HUGHES HUBBARD & REED LLP,"MUNICIPALITIES LOC COMMERCIAL LESSORS, FL 33888 ",LES,COMMERCL/INDUST/OFFICE SPACE,1111 BRICKELL OFFICE LLC ATTN JOSE MONROS,1111 BRICKELL AVE 165,,MIAMI,FL,33131,999999,Active,Paid In Full,7/11/2013,-- None --,-- None --,305-373-3884,01-4139-035-0010,,-- None --,4/9/2002,2014,192,"Hotels, apartments, motels, etc. or Commercial, industrial or office space"
4940673,88 - COMMERCIAL LESSORS,4731700,1115 CORPORATION,1115 CORPORATION,"MUNICIPALITIES LOC COMMERCIAL LESSORS, FL 33888 ",LES,COMMERCL/INDUST/OFFICE SPACE,1115 CORPORATION,8295 SW 2 ST,,MIAMI,FL,33144,791,Active,Paid In Full,9/4/2013,-- None --,-- None --,305-883-3359,27-3003-002-0010,,-- None --,4/11/2002,2014,192,"Hotels, apartments, motels, etc. or Commercial, industrial or office space"
7439947,30 - UNIN DADE COUNTY,7161994,111616 EIS (DELAWARE) INC C/O STEVEN ROSS,111616 EIS (DELAWARE) INC,"4400 RICKENBACKER CSWY MIAMI, FL 33149 ",SER-PHO,SERVICE BUSINESS,111616 EIS (DELAWARE) INC ATTN TAX DEPARTMENT,2400 MT READ BLVD,,ROCHESTER,NY,14615,17,Active,Paid In Full,11/19/2013,-- None --,-- None --,585-477-4354,30-4220-000-0010,,-- None --,10/24/2013,2014,213,Service business/multiple service business or Passenger transportation services
4837648,01 - MIAMI,4633567,1118 MULTIFAMILY LLC,1118 MULTIFAMILY LLC,"1118 SW 6 ST MIAMI, FL 33130 ",APT,APARTMENTS,1118 MULTIFAMILY LLC NAPOLEON ALVAREZ MGR,1505 SW 12 ST,,MIAMI,FL,33135,5,Active,Paid In Full,9/20/2013,-- None --,-- None --,305-529-0097,01-4102-007-0030,,-- None --,12/5/2001,2014,192,"Hotels, apartments, motels, etc. or Commercial, industrial or office space"
773482,01 - MIAMI,773482,1119 NW LLC,1119 NW LLC,"1119 NW 6 ST MIAMI, FL 33136 ",APT,APARTMENTS,1119 NW LLC JOAQUIN ALVAREZ  MANAGER,8330 SW 28 ST,,MIAMI,FL,33155,12,Active,Unpaid,,-- None --,-- None --,305-559-3690,01-4102-005-0230,,-- None --,8/24/1988,2014,192,"Hotels, apartments, motels, etc. or Commercial, industrial or office space"
1309426,24 - VILLAGE OF KEY BISCAYNE,1309426,MARIA MONTANO PRES,1121 HAIR DESIGNERS & BOUTIQUE,"1121 CRANDON BLVD VILLAGE OF KEY BISCAYNE, FL 33149 ",BTY,BARBER / BEAUTY SHOP /SERVICE,MARIA MONTANO PRES,1121 CRANDON BLVD,,KEY BISCAYNE,FL,33149,5,Active,Unpaid,,-- None --,-- None --,305-361-3358,24-5204-010-2700,,-- None --,8/24/1988,2014,213,Service business/multiple service business or Passenger transportation services
1995985,24 - VILLAGE OF KEY BISCAYNE,1309426,MARIA MONTANO PRES,1121 HAIR DESIGNERS & BOUTIQUE,"1121 CRANDON BLVD VILLAGE OF KEY BISCAYNE, FL 33149 ",RET-STR,RETAIL SALES,MARIA MONTANO PRES,1121 CRANDON BLVD,,KEY BISCAYNE,FL,33149,5,Active,Unpaid,,-- None --,-- None --,305-361-3358,24-5204-010-2700,,-- None --,8/24/1988,2014,214,Retail sales
4937588,88 - COMMERCIAL LESSORS,4728664,PARENTI MICHAEL J,113 ALMERIA ASSOCIATES,"MUNICIPALITIES LOC COMMERCIAL LESSORS, FL 33888 ",LES,COMMERCL/INDUST/OFFICE SPACE,PARENTI MICHAEL J,PO BOX 500789,,MARATHON,FL,33050,8196,Active,Paid In Full,7/18/2013,-- None --,-- None --,305-447-6500,03-4117-005-3030,,-- None --,4/10/2002,2014,192,"Hotels, apartments, motels, etc. or Commercial, industrial or office space"
814161,02 - MIAMI BEACH,814161,1130 COLLINS LLC,1130 COLLINS LLC,"1130 COLLINS AVE MIAMI BEACH, FL 33139 ",HOT,HOTEL/MOTEL/ BOARDING HOUSE,1130 COLLINS LLC JORGE SAVLOFF MGRM,1424 COLLINS AVE,,MIAMI BCH,FL,33139,36,Active,Paid In Full,7/18/2013,-- None --,-- None --,305-531-3488,02-3234-008-1110,,-- None --,8/24/1988,2014,192,"Hotels, apartments, motels, etc. or Commercial, industrial or office space"
3257060,04 - HIALEAH,3118221,1130 WEST 37 HIALEAH INVESTMENT,1130 WEST 37 HIALEAH INVESTMENT LLC,"1130 W 37 ST HIALEAH, FL 33012 ",APT,APARTMENTS,1130 WEST 37 HIALEAH INVESTMENT TOMAS & VIVIAN CABRERIZO,3850 BIRD ROAD STE 800,,MIAMI,FL,33146,16,Active,Paid In Full,7/25/2013,-- None --,-- None --,305-779-8040,04-3012-000-0110,40-139987,-- None --,3/11/1994,2014,192,"Hotels, apartments, motels, etc. or Commercial, industrial or office space"
808619,02 - MIAMI BEACH,7128242,1135 8TH ST PROPERTIES LLC,1135 8TH ST PROPERTIES LLC,"1135 8 ST MIAMI BEACH, FL 33139 ",APT,APARTMENTS,1135 8TH ST PROPERTIES LLC HERVE BARBERA MGR,701 BRICKELL AVE #2040,,MIAMI,FL,33131,12,Active,Paid In Full,7/31/2013,-- None --,-- None --,305-538-0135,02-4203-014-0400,,-- None --,8/24/1988,2014,192,"Hotels, apartments, motels, etc. or Commercial, industrial or office space"
823444,03 - CORAL GABLES,3547883,114 ANTIQUERA LLC,114 ANTIQUERA LLC,"118 ANTIQUERA AVE CORAL GABLES, FL 33134 ",APT,APARTMENTS,114 ANTIQUERA LLC LARRY RIFKIN PRES/ATT CARY ANTON,1110 BRICKELL AVE #210,,MIAMI,FL,33131,10,Active,Paid In Full,9/12/2013,-- None --,-- None --,305-371-5040,03-4108-009-0460,31-009294,-- None --,8/24/1988,2014,192,"Hotels, apartments, motels, etc. or Commercial, industrial or office space"
823436,03 - CORAL GABLES,823436,114 ANTIQUERA LLC,114 ANTIQUERA LLC,"114 ANTIQUERA AVE CORAL GABLES, FL 33134 ",APT,APARTMENTS,114 ANTIQUERA LLC,1110 BRICKELL AVE #210,,MIAMI,FL,33131,10,Active,Paid In Full,9/12/2013,-- None --,-- None --,305-371-5040,03-4108-009-0470,31-009293,-- None --,8/24/1988,2014,192,"Hotels, apartments, motels, etc. or Commercial, industrial or office space"
799941,01 - MIAMI,799941,1140 AGE INVESTMENT CORP,1140 AGE INVESTMENT CORP,"1140 SW 3 ST MIAMI, FL 33130 ",APT,APARTMENTS,1140 AGE INVESTMENT CORP MIGUEL BELLO PRES,175 FONTAINEBLEAU BLVD #1R,,MIAMI,FL,33172,12,Active,Paid In Full,7/19/2013,-- None --,-- None --,305-551-8642,01-4102-005-3950,40-124066,-- None --,8/24/1988,2014,192,"Hotels, apartments, motels, etc. or Commercial, industrial or office space"
4983145,88 - COMMERCIAL LESSORS,4773306,1140 TOWERS INVESTMENT LLC,1140 TOWERS INVESTMENT LLC,"MUNICIPALITIES LOC COMMERCIAL LESSORS, FL 33888 ",LES,COMMERCL/INDUST/OFFICE SPACE,1140 TOWERS INVESTMENT LLC,PO BOX 566028,,MIAMI,FL,33256,30119,Active,Paid In Full,8/27/2013,-- None --,-- None --,305-207-8080,04-3001-013-2910,,-- None --,4/22/2002,2014,192,"Hotels, apartments, motels, etc. or Commercial, industrial or office space"
6853957,02 - MIAMI BEACH,6583349,1144 OCEAN DRIVE LLC,1144 OCEAN DRIVE LLC,"1144 OCEAN DR MIAMI BEACH, FL 33139 ",EAT,EATING ESTABLISHMENT,1144 OCEAN DRIVE LLC STEFANO FRITTELLA,1144 OCEAN DR,,MIAMI BEACH,FL,33139,145,Active,Paid In Full,8/21/2013,-- None --,-- None --,305-428-1234,02-3234-008-0280,,-- None --,2/26/2010,2014,195,Eating establishments or Catering businesses
4988896,88 - COMMERCIAL LESSORS,4778933,1149 CORPORATION,1149 CORPORATION,"MUNICIPALITIES LOC COMMERCIAL LESSORS, FL 33888 ",LES,COMMERCL/INDUST/OFFICE SPACE,1149 CORPORATION TERESA AVELLANEDA,2766 NW 62 ST,,MIAMI,FL,33147,14706,Active,Paid In Full,8/14/2013,-- None --,-- None --,305-000-0000,01-4110-055-0240,,-- None --,4/23/2002,2014,192,"Hotels, apartments, motels, etc. or Commercial, industrial or office space"
4990868,88 - COMMERCIAL LESSORS,4780913,1150 ASSOCIATES LTD,1150 ASSOCIATES LTD,"MUNICIPALITIES LOC COMMERCIAL LESSORS, FL 33888 ",LES,COMMERCL/INDUST/OFFICE SPACE,1150 ASSOCIATES LTD DAVID BERGER PRES,1836 WEST 23 ST,,MIAMI BCH,FL,33140,36269,Active,Paid In Full,7/15/2013,-- None --,-- None --,305-536-1444,01-4102-005-3290,,-- None --,4/23/2002,2014,192,"Hotels, apartments, motels, etc. or Commercial, industrial or office space"
4976941,30 - UNIN DADE COUNTY,4767209,11500 BISCAYNE INC,11500 BISCAYNE INC,"UNINCORPORATED LOC MIAMI, FL 99999 ",LES,COMMERCL/INDUST/OFFICE SPACE,11500 BISCAYNE INC,1348 WASHINGTON AVE #173,,MIAMI BEACH,FL,33139,5321,Active,Unpaid,,-- None --,-- None --,305-000-0000,30-2232-000-0010,,-- None --,4/20/2002,2014,192,"Hotels, apartments, motels, etc. or Commercial, industrial or office space"
7076904,01 - MIAMI,6803267,116 W FLAGLER ST LLC,116 W FLAGLER ST LLC,"116 W FLAGLER ST MIAMI, FL 33130 ",PAR,PARKING FACILITY,116 W FLAGLER ST LLC,116 W FLAGLER ST,,MIAMI,FL,33130,20,Active,Unpaid,,-- None --,-- None --,305-803-3369,01-0113-070-1040,,-- None --,4/25/2011,2014,192,"Hotels, apartments, motels, etc. or Commercial, industrial or office space"
7036627,13 - BAY HARBOR ISLANDS,6763206,LAME MANAGEMENT COMPANY LLC,1160 HAIR,"1160 96 ST 204 BAY HARBOR ISLANDS, FL 33154 ",BTY,BARBER / BEAUTY SHOP /SERVICE,LAME MANAGEMENT COMPANY LLC MICHAEL KAHN MANAGER,1160 96 ST 204,,BAY HARBOR ISLANDS,FL,33154,10,Active,Paid In Full,8/16/2013,-- None --,-- None --,305-866-7939,13-2227-001-3490,,-- None --,2/16/2011,2014,213,Service business/multiple service business or Passenger transportation services
5185814,30 - UNIN DADE COUNTY,4966355,117 PARTNERS,117 PARTNERS,"UNINCORPORATED LOC MIAMI, FL 99999 ",LES,COMMERCL/INDUST/OFFICE SPACE,117 PARTNERS,1575 SAN IGNACIO #400,,CORAL GABLES,FL,33146,41637,Active,Paid In Full,7/15/2013,-- None --,-- None --,305-000-0000,30-5006-000-0600,,-- None --,12/26/2002,2014,192,"Hotels, apartments, motels, etc. or Commercial, industrial or office space"
819962,02 - MIAMI BEACH,5075668,117 S SHORE LLC,117 S SHORE LLC,"117 S SHORE DR MIAMI BEACH, FL 33141 ",APT,APARTMENTS,117 S SHORE LLC URBAN RESOURCE,PO BOX 415700,,MIAMI BEACH,FL,33141,9,Active,Paid In Full,7/10/2013,-- None --,-- None --,305-403-2424,02-3203-007-1440,31-008902,-- None --,8/24/1988,2014,192,"Hotels, apartments, motels, etc. or Commercial, industrial or office space"
4926292,88 - COMMERCIAL LESSORS,4717600,1175 NW 159TH LLC,1175 NW 159TH LLC,"MUNICIPALITIES LOC COMMERCIAL LESSORS, FL 33888 ",LES,COMMERCL/INDUST/OFFICE SPACE,1175 NW 159TH LLC SEAGIS PROP GROUP LP,100 FRONT ST #350,,WEST CONSHOHOCKEN,PA,19428,68654,Active,Paid In Full,7/18/2013,-- None --,-- None --,305-204-4435,34-2114-008-0040,,-- None --,4/8/2002,2014,192,"Hotels, apartments, motels, etc. or Commercial, industrial or office space"
4940970,88 - COMMERCIAL LESSORS,4732005,1175 OFFICE BUILDING CORP,1175 OFFICE BUILDING CORP,"MUNICIPALITIES LOC COMMERCIAL LESSORS, FL 33888 ",LES,COMMERCL/INDUST/OFFICE SPACE,1175 OFFICE BUILDING CORP,1175 NE 125 ST #102,,NO MIAMI,FL,33161,54968,Active,Paid In Full,7/10/2013,-- None --,-- None --,305-891-1106,06-2229-034-0040,,-- None --,4/11/2002,2014,192,"Hotels, apartments, motels, etc. or Commercial, industrial or office space"
6702006,30 - UNIN DADE COUNTY,7105414,1176 STATION INC,1176 STATION INC,"1176 NW 79 ST MIAMI, FL 33150 ",SER-CAR,SERVICE BUSINESS,1176 STATION INC JEUS E FLORES PRES,1176 NW 79 ST,,MIAMI,FL,33150,1,Active,Paid In Full,7/26/2013,-- None --,-- None --,305-778-0055,30-3111-024-0040,,-- None --,5/8/2009,2014,213,Service business/multiple service business or Passenger transportation services
6666151,30 - UNIN DADE COUNTY,7105414,1176 STATION INC,1176 STATION INC,"1176 NW 79 ST MIAMI, FL 33150 ",RET-STR,RETAIL SALES,1176 STATION INC JEUS E FLORES PRES,1176 NW 79 ST,,MIAMI,FL,33150,5,Active,Paid In Full,7/26/2013,-- None --,-- None --,305-778-0055,30-3111-024-0040,,-- None --,3/13/2009,2014,214,Retail sales
6702014,30 - UNIN DADE COUNTY,7105414,1176 STATION INC,1176 STATION INC,"1176 NW 79 ST MIAMI, FL 33150 ",ATM,A T M / POINT OF SALE,1176 STATION INC JEUS E FLORES PRES,1176 NW 79 ST,,MIAMI,FL,33150,,Active,Paid In Full,7/26/2013,-- None --,-- None --,305-778-0055,30-3111-024-0040,,-- None --,5/8/2009,2014,219,"Bank, Savings & trust companies, etc."
4965258,88 - COMMERCIAL LESSORS,4755717,THE 1177 KANE CONCOURSE LP,1177 KANE CONCOURSE PARTNERSHIP LTD,"MUNICIPALITIES LOC COMMERCIAL LESSORS, FL 33888 ",LES,COMMERCL/INDUST/OFFICE SPACE,THE 1177 KANE CONCOURSE LP,1177 KAKNE CONCOURSE # 201,,BAY HARBOR ISLANDS,FL,33154,21078,Active,Paid In Full,9/26/2013,-- None --,-- None --,305-443-6622,13-2227-001-3660,,-- None --,4/18/2002,2014,192,"Hotels, apartments, motels, etc. or Commercial, industrial or office space"
6332506,01 - MIAMI,6070528,118 PROPERTY LLC,118 PROPERTY LLC,"545 SW 10 ST MIAMI, FL 33130 ",APT,APARTMENTS,118 PROPERTY LLC ANIBAL J DUARTE VIERA MGR,370 MIRACLE MILE,,CORAL GABLES,FL,33134,8,Active,Unpaid,,-- None --,-- None --,305-461-5995,01-0206-060-1160,,-- None --,7/25/2007,2014,192,"Hotels, apartments, motels, etc. or Commercial, industrial or office space"
4885076,02 - MIAMI BEACH,4678695,ROSA & FRANCISCO J PADRON,1180 APTS,"1180 71 ST MIAMI BEACH, FL 33141 ",APT,APARTMENTS,ROSA & FRANCISCO J PADRON,950 JEFFERSON AVE #3,,MIAMI BEACH,FL,33139,10,Active,Paid In Full,9/30/2013,-- None --,-- None --,305-000-0000,02-3210-013-1620,,-- None --,2/26/2002,2014,192,"Hotels, apartments, motels, etc. or Commercial, industrial or office space"
5238852,88 - COMMERCIAL LESSORS,5017280,119 PLAZA G P  CORPORATION,119 PLAZA G P  CORPORATION,"MUNICIPALITIES LOC COMMERCIAL LESSORS, FL 33888 ",LES,COMMERCL/INDUST/OFFICE SPACE,119 PLAZA G P  CORPORATION ALFONSO POBLETE,847 NW 119 ST 204,,NORTH MIAMI,FL,33168,24758,Active,Paid In Full,9/30/2013,-- None --,-- None --,305-380-3219,06-2126-029-0010,,-- None --,2/25/2003,2014,192,"Hotels, apartments, motels, etc. or Commercial, industrial or office space"
5156781,30 - UNIN DADE COUNTY,4939089,119 STREET EXXON INC,119 STREET EXXON INC,"1634 NW 119 ST MIAMI, FL 33167 ",RET-STR,RETAIL SALES,119 STREET EXXON INC PEDRO O LACORTE,1634 NW 119 ST,,N MIAMI,FL,33167,3,Active,Paid In Full,7/9/2013,-- None --,-- None --,305-687-0550,30-2135-030-0030,40-115010,-- None --,11/14/2002,2014,214,Retail sales
5156823,30 - UNIN DADE COUNTY,4939089,119 STREET EXXON INC,119 STREET EXXON INC,"1634 NW 119 ST MIAMI, FL 33167 ",SAM,SERVICE / AMUSEMENT MACHINE,119 STREET EXXON INC PEDRO O LACORTE,1634 NW 119 ST,,N MIAMI,FL,33167,4,Active,Unpaid,,-- None --,-- None --,305-687-0550,30-2135-030-0030,40-115010,-- None --,11/14/2002,2014,221,"Vending, service & amusement machines"
5156799,30 - UNIN DADE COUNTY,4939089,119 STREET EXXON INC,119 STREET EXXON INC,"1634 NW 119 ST MIAMI, FL 33167 ",ATM,A T M / POINT OF SALE,119 STREET EXXON INC PEDRO O LACORTE,1634 NW 119 ST,,N MIAMI,FL,33167,,Active,Paid In Full,7/9/2013,-- None --,-- None --,305-687-0550,30-2135-030-0030,40-115010,-- None --,11/14/2002,2014,219,"Bank, Savings & trust companies, etc."
5156815,30 - UNIN DADE COUNTY,4939089,119 STREET EXXON INC,119 STREET EXXON INC,"1634 NW 119 ST MIAMI, FL 33167 ",EAT,EATING ESTABLISHMENT,119 STREET EXXON INC PEDRO O LACORTE,1634 NW 119 ST,,N MIAMI,FL,33167,1,Active,Paid In Full,7/8/2013,-- None --,-- None --,305-687-0550,30-2135-030-0030,40-115010,-- None --,11/14/2002,2014,195,Eating establishments or Catering businesses
834052,04 - HIALEAH,4202578,1199 HIALEAH APTS INC,1199 HIALEAH APTS INC,"1199 W 35 ST HIALEAH, FL 33012 ",APT,APARTMENTS,1199 HIALEAH APTS INC JOSE M ALVAREZ PRES,7140 SW 40 ST,,MIAMI,FL,33155,39,Active,Paid In Full,7/15/2013,-- None --,-- None --,305-000-0000,04-3012-044-0010,,-- None --,8/24/1988,2014,192,"Hotels, apartments, motels, etc. or Commercial, industrial or office space"
4860558,04 - HIALEAH,4655263,11TH AVE AUTO RECYCLERS INC,11TH AVE AUTO RECYCLERS INC,"5166 E 11 AVE HIALEAH, FL 33013 ",SER-WAR,SERVICE BUSINESS,11TH AVE AUTO RECYCLERS INC DAMARIS DIAZ PRES,5151 E 11 AVE,,HIALEAH,FL,33013,1,Active,Paid In Full,9/24/2013,-- None --,-- None --,305-688-4339,04-2132-013-0130,,-- None --,1/22/2002,2014,213,Service business/multiple service business or Passenger transportation services
1959296,04 - HIALEAH,4157913,11TH AVENUE AUTO RECYCLERS INC,11TH AVENUE AUTO RECYCLERS INC,"5151 E 11 AVE HIALEAH, FL 33013 ",RET-STR,RETAIL SALES,11TH AVENUE AUTO RECYCLERS INC DAMARIS DIAZ PRES,5151 E 11 AVE,,HIALEAH,FL,33013,5,Active,Paid In Full,9/24/2013,-- None --,-- None --,305-688-4339,04-2132-013-0030,40-053045,-- None --,8/24/1988,2014,214,Retail sales
332759,04 - HIALEAH,4157913,11TH AVENUE AUTO RECYCLERS INC,11TH AVENUE AUTO RECYCLERS INC,"5151 E 11 AVE HIALEAH, FL 33013 ",JYD,JUNK DEALER / JUNK YARD,11TH AVENUE AUTO RECYCLERS INC DAMARIS DIAZ PRES,5151 E 11 AVE,,HIALEAH,FL,33013,,Active,Paid In Full,9/24/2013,-- None --,-- None --,305-688-4339,04-2132-013-0030,40-053045,-- None --,8/24/1988,2014,203,Junk dealers
5411517,04 - HIALEAH,5177365,11TH AVENUE TRUCK RECYCLERS INC,11TH AVENUE TRUCK RECYCLERS INC,"5166 E 11 AVE HIALEAH, FL 33013 ",JYD,JUNK DEALER / JUNK YARD,11TH AVENUE TRUCK RECYCLERS INC ARNALDO DIAZ PRES,5151 E 11 AVE,,HIALEAH,FL,33013,,Active,Paid In Full,8/29/2013,-- None --,-- None --,305-688-4339,04-2132-013-0130,,-- None --,10/22/2003,2014,203,Junk dealers
2841295,02 - MIAMI BEACH,2712348,SOUTH BEACH DINER INC,11TH ST DINER,"1065 WASHINGTON AVE MIAMI BEACH, FL 33139 ",EAT,EATING ESTABLISHMENT,SOUTH BEACH DINER INC RAY SCHNITZER PRES,1065 WASHINGTON AVE,,MIAMI BEACH,FL,33139,60,Active,Paid In Full,7/9/2013,-- None --,-- None --,305-534-6374,02-3234-008-1310,,-- None --,9/1/1992,2014,195,Eating establishments or Catering businesses
479980,01 - MIAMI,479980,12 AVENUE COPY SERVICE CORP,12 AVENUE COPY SERVICE CORP,"1300 NW 29 ST MIAMI, FL 33142 ",SER-PRI,SERVICE BUSINESS,12 AVENUE COPY SERVICE CORP LAZARO R VALDES PRES,1300 NW 29 ST,,MIAMI,FL,33142,8,Active,Unpaid,,-- None --,-- None --,305-635-4443,01-3126-039-4640,,-- None --,8/24/1988,2014,213,Service business/multiple service business or Passenger transportation services
4612447,01 - MIAMI,4418364,12 AVENUE FLOWERS INC,12 AVENUE FLOWERS INC,"407 SW 12 AVE MIAMI, FL 33130 ",RET-STR,RETAIL SALES,12 AVENUE FLOWERS INC LEONARDO ESQUIVEL PRES,407 SW 12 AVE,,MIAMI,FL,33130,2,Active,Paid In Full,9/10/2013,-- None --,-- None --,305-324-6333,,,-- None --,1/4/2001,2014,214,Retail sales
6672878,04 - HIALEAH,6141550,LA CORONA LIQUOR STORE CORP,12 AVENUE LIQUOR,"3715 W 16 AVE 17 HIALEAH, FL 33012 ",ATM,A T M / POINT OF SALE,LA CORONA LIQUOR STORE CORP ALI M JAMIL PRES,3715 W 16 AVE #17,,HIALEAH,FL,33012,,Active,Unpaid,,-- None --,-- None --,305-710-1766,04-3002-071-0100,,"Enforcement, Returned Mail",3/24/2009,2014,219,"Bank, Savings & trust companies, etc."
6672860,04 - HIALEAH,6141550,LA CORONA LIQUOR STORE CORP,12 AVENUE LIQUOR,"3715 W 16 AVE 17 HIALEAH, FL 33012 ",SAM,SERVICE / AMUSEMENT MACHINE,LA CORONA LIQUOR STORE CORP ALI M JAMIL PRES,3715 W 16 AVE #17,,HIALEAH,FL,33012,4,Active,Unpaid,,-- None --,-- None --,305-710-1766,04-3002-071-0100,,"Enforcement, Returned Mail",3/24/2009,2014,221,"Vending, service & amusement machines"
6404826,04 - HIALEAH,6141550,LA CORONA LIQUOR STORE CORP,12 AVENUE LIQUOR,"3715 W 16 AVE 17 HIALEAH, FL 33012 ",RET-STR,RETAIL SALES,LA CORONA LIQUOR STORE CORP ALI M JAMIL PRES,3715 W 16 AVE #17,,HIALEAH,FL,33012,2,Active,Unpaid,,-- None --,-- None --,305-710-1766,04-3002-071-0100,,"Enforcement, Returned Mail",12/3/2007,2014,214,Retail sales
6013890,01 - MIAMI,5767364,12 HOUSES PROPERTY MANAG CORP THE,12 HOUSES PROPERTY MANAGEMENT CORPORATION THE,"2141 SW 1 ST 105 MIAMI, FL 33135 ",SER-MAN,SERVICE BUSINESS,12 HOUSES PROPERTY MANAG CORP THE JOSE DOCE PRES,PO BOX 452756,,MIAMI,FL,33245,3,Active,Paid In Full,8/26/2013,-- None --,-- None --,786-412-3545,01-4103-014-3320,,-- None --,4/14/2006,2014,213,Service business/multiple service business or Passenger transportation services
774555,01 - MIAMI,774555,120 SW 5 AVE INC,120 SW 5 AVE INC,"120 SW 5 AVE MIAMI, FL 33130 ",APT,APARTMENTS,120 SW 5 AVE INC,940 SW 22 RD,,MIAMI,FL,33129,6,Active,Unpaid,,-- None --,-- None --,305-782-1200,01-0201-070-1020,,Enforcement,8/24/1988,2014,192,"Hotels, apartments, motels, etc. or Commercial, industrial or office space"
7261308,01 - MIAMI,6985684,1200 BRICKELL AVE 860 LLC,1200 BRICKELL AVE 860 LLC,"1200 BRICKELL AVE 860 MIAMI, FL 33131 ",OFF,ADMIN OFFICE/OPERATION CTR,1200 BRICKELL AVE 860 LLC TDA RINCON HOLDINGS LLC,1200 BRICKELL AVE 860,,MIAMI,FL,33131,2,Active,Paid In Full,9/20/2013,-- None --,-- None --,305-447-6900,01-0210-030-1120,,-- None --,5/9/2012,2014,207,"Administrative office, operation center or Other unclassified businesses"
4921939,88 - COMMERCIAL LESSORS,4713237,1200 BRICKELL INVESTMENTS LLC,1200 BRICKELL INVESTMENTS LLC,"MUNICIPALITIES LOC COMMERCIAL LESSORS, FL 33888 ",LES,COMMERCL/INDUST/OFFICE SPACE,1200 BRICKELL INVESTMENTS LLC EDGARDO DEFORTUNA MGRM,1200 BRICKELL AVE #740,,MIAMI,FL,33131,529779,Active,Unpaid,,-- None --,-- None --,305-371-0020,01-0209-090-1300,,-- None --,4/4/2002,2014,192,"Hotels, apartments, motels, etc. or Commercial, industrial or office space"
4334082,10 - HOMESTEAD,5365580,1200 HOMESTEAD 72 LLC,1200 HOMESTEAD 72 LLC WAYNE GINTER RECEIVER,"1201 SW 4 ST HOMESTEAD, FL 33030 ",APT,APARTMENTS,1200 HOMESTEAD 72 LLC ASSET RECOVERY GROUP,2520 CORAL WAY  SUITER 2515,,CORAL GABLES,FL,33145,72,Active,Paid In Full,7/15/2013,-- None --,-- None --,786-406-3133,10-7813-053-0070,,-- None --,9/8/1999,2014,192,"Hotels, apartments, motels, etc. or Commercial, industrial or office space"
814179,02 - MIAMI BEACH,814179,1200 MARSEILLES LLC,1200 MARSEILLES LLC,"1200 MARSEILLE DR MIAMI BEACH, FL 33141 ",APT,APARTMENTS,1200 MARSEILLES LLC GREG STIER PRES,6538 COLLINS AVE # 106,,MIAMI BEACH,FL,33141,12,Active,Unpaid,,-- None --,-- None --,305-993-5866,02-3210-012-0260,40-146398,-- None --,8/24/1988,2014,192,"Hotels, apartments, motels, etc. or Commercial, industrial or office space"
772039,01 - MIAMI,772039,1201 MANAGEMENT COMPANY LLC,1201 MANAGEMENT COMPANY LLC,"1201 W FLAGLER ST MIAMI, FL 33135 ",APT,APARTMENTS,1201 MANAGEMENT COMPANY LLC,1143 W FLAGLER ST,,MIAMI,FL,33130,28,Active,Paid In Full,9/30/2013,-- None --,-- None --,305-548-3296,01-4102-005-9500,,-- None --,8/24/1988,2014,192,"Hotels, apartments, motels, etc. or Commercial, industrial or office space"
4956778,30 - UNIN DADE COUNTY,4747458,1201 NW 54 ST LTD,1201 NW 54 ST LTD,"UNINCORPORATED LOC MIAMI, FL 99999 ",LES,COMMERCL/INDUST/OFFICE SPACE,1201 NW 54 ST LTD,419 W 49 ST #106,,HIALEAH,FL,33012,18617,Active,Paid In Full,9/12/2013,-- None --,-- None --,305-556-6627,30-3102-002-0060,,-- None --,4/17/2002,2014,192,"Hotels, apartments, motels, etc. or Commercial, industrial or office space"
4956745,88 - COMMERCIAL LESSORS,4747425,1201 NW 54 ST LTD,1201 NW 54 ST LTD,"MUNICIPALITIES LOC COMMERCIAL LESSORS, FL 33888 ",LES,COMMERCL/INDUST/OFFICE SPACE,1201 NW 54 ST LTD,419 W 49 ST  #106,,HIALEAH,FL,33012,21010,Active,Paid In Full,9/12/2013,-- None --,-- None --,305-556-6627,01-3114-041-0440,,-- None --,4/17/2002,2014,192,"Hotels, apartments, motels, etc. or Commercial, industrial or office space"
4614856,30 - UNIN DADE COUNTY,4420667,121 DIGITAL PRINTING INC,121 DIGITAL PRINTING INC,"7155 NW 52 ST MIAMI, FL 33166 ",SER-PRI,SERVICE BUSINESS,121 DIGITAL PRINTING INC DAVID BRODY PRES,7155 NW 52 ST,,MIAMI,FL,33166,4,Active,Unpaid,,-- None --,-- None --,305-468-1421,30-3023-037-0020,40-076875,-- None --,1/9/2001,2014,213,Service business/multiple service business or Passenger transportation services
5025432,88 - COMMERCIAL LESSORS,4814472,121 MAJORCA LLC,121 MAJORCA LLC,"MUNICIPALITIES LOC COMMERCIAL LESSORS, FL 33888 ",LES,COMMERCL/INDUST/OFFICE SPACE,121 MAJORCA LLC R L NORTON PRES,121 MAJORCA AVE,,CORAL GABLES,FL,33134,12616,Active,Paid In Full,7/31/2013,-- None --,-- None --,305-445-7801,03-4108-007-0900,,-- None --,5/17/2002,2014,192,"Hotels, apartments, motels, etc. or Commercial, industrial or office space"
835661,06 - NORTH MIAMI,835661,12101 LLC,12101 LLC,"12101 GRIFFING BLVD NORTH MIAMI, FL 33161 ",APT,APARTMENTS,12101 LLC MICHELL SHIMON PRES,3541 N 34 AVE,,HOLLYWOOD,FL,33021,9,Active,Paid In Full,7/8/2013,-- None --,-- None --,954-895-4730,06-2230-031-0350,40-144816,-- None --,8/24/1988,2014,192,"Hotels, apartments, motels, etc. or Commercial, industrial or office space"
2298404,02 - MIAMI BEACH,2185536,1211 EUCLID LLC C/O JEAN PIERRE BRUNOIS MGR,1211 EUCLID LLC,"1211 EUCLID AVE MIAMI BEACH, FL 33139 ",APT,APARTMENTS,1211 EUCLID LLC C/O JEAN PIERRE BRUNOIS MGR,927 LINCOLN RD MALL #200,,MIAMI BEACH,FL,33139,12,Active,Unpaid,,-- None --,-- None --,,02-4203-009-0950,03-987974,-- None --,2/21/1990,2014,192,"Hotels, apartments, motels, etc. or Commercial, industrial or office space"
4920568,88 - COMMERCIAL LESSORS,4711942,1220 COLLINS AVENUE INC,1220 COLLINS AVENUE INC,"MUNICIPALITIES LOC COMMERCIAL LESSORS, FL 33888 ",LES,COMMERCL/INDUST/OFFICE SPACE,1220 COLLINS AVENUE INC FRAZIER HOTTE & ASSOC PA,1220 COLLINS AVE,,MIAMI,FL,33139,16295,Active,Unpaid,,-- None --,-- None --,305-000-0000,02-3234-008-1060,,-- None --,4/4/2002,2014,192,"Hotels, apartments, motels, etc. or Commercial, industrial or office space"
1860379,02 - MIAMI BEACH,1860379,1223 MGMT INC,1223 MGMT INC,"1233 COLLINS AVE MIAMI BEACH, FL 33139 ",APT,APARTMENTS,1223 MGMT INC,1051 WASHINGTON AVE,,MIAMI BEACH,FL,33139,12,Active,Paid In Full,9/19/2013,-- None --,-- None --,305-000-0000,02-3234-008-0460,,-- None --,8/24/1988,2014,192,"Hotels, apartments, motels, etc. or Commercial, industrial or office space"
1781351,02 - MIAMI BEACH,3594489,1226 DREXEL AVE LLC,1226 DREXEL AVE LLC,"1226 DREXEL AVE MIAMI BEACH, FL 33139 ",APT,APARTMENTS,1226 DREXEL AVE LLC HERVE BARBERA MANAGER,701 BRICKELL AVE 2040,,MIAMI BEACH,FL,33131,21,Active,Paid In Full,7/18/2013,-- None --,-- None --,305-538-0135,02-4203-009-0520,,-- None --,8/24/1988,2014,192,"Hotels, apartments, motels, etc. or Commercial, industrial or office space"
2396661,01 - MIAMI,2279412,1228 NW 4 ST LLC,1228 NW 4 ST LLC,"1228 NW 4 ST MIAMI, FL 33125 ",APT,APARTMENTS,1228 NW 4 ST LLC NHS HOUSING DEVELOPMENT LLC,100 NE 84TH ST #200,,MIAMI,FL,33125,18,Active,Paid In Full,10/1/2013,-- None --,-- None --,305-324-5505,01-4102-005-7350,,-- None --,7/11/1990,2014,192,"Hotels, apartments, motels, etc. or Commercial, industrial or office space"
6747167,04 - HIALEAH,6477749,DAMIAN HERNANDEZ,123 ALL PC SOLUTIONS,"729 E 9 ST HIALEAH, FL 33010 ",SER-CMP,SERVICE BUSINESS,DAMIAN HERNANDEZ,729 E 9 ST,,HIALEAH,FL,33010,1,Active,Paid In Full,9/30/2013,-- None --,-- None --,305-888-0558,04-3117-020-0010,,-- None --,7/31/2009,2014,213,Service business/multiple service business or Passenger transportation services
6747175,04 - HIALEAH,6477749,DAMIAN HERNANDEZ,123 ALL PC SOLUTIONS,"729 E 9 ST HIALEAH, FL 33010 ",RET-STR,RETAIL SALES,DAMIAN HERNANDEZ,729 E 9 ST,,HIALEAH,FL,33010,1,Active,Paid In Full,9/30/2013,-- None --,-- None --,305-888-0558,04-3117-020-0010,,-- None --,7/31/2009,2014,214,Retail sales
6854021,02 - MIAMI BEACH,6583414,123 AUTO AUTO & TRUCK RENTAL LLC,123 AUTO AUTO & TRUCK RENTAL LLC,"4833 COLLINS AVE MIAMI BEACH, FL 33140 ",SER-CHA,SERVICE BUSINESS,123 AUTO AUTO & TRUCK RENTAL LLC EFRAIN ALVARADO PRES,4019 NW 28 ST,,MIAMI,FL,33142,1,Active,Unpaid,,-- None --,-- None --,305-673-1261,02-3223-002-0130,,Enforcement,2/26/2010,2014,213,Service business/multiple service business or Passenger transportation services
6531280,01 - MIAMI,6266308,123 BAIL BONDS FIANZAS LLC,123 BAIL BONDS FIANZAS LLC,"7025 NW 41 ST MIAMI, FL 33166 ",BBB,BAIL BOND BUSINESS,123 BAIL BONDS FIANZAS LLC LIDIA CACERES MGR,7025 NW 41 ST,,MIAMI,FL,33166,,Active,Paid In Full,9/25/2013,-- None --,-- None --,305-213-0141,30-3023-009-0030,,-- None --,7/3/2008,2014,207,"Administrative office, operation center or Other unclassified businesses"